
=== Balance Units Auto-Update ===
Time: 05/08/2026, 9:00:01 am

━━━ bagnallhous ━━━
  Available: 9 units (4 types)
    1BR + Flexi: 2
    4 Bedroom: 4
    4BR + Flexi: 1
    5 Bedroom: 2
  ℹ️  No count change (9 units). Date refreshed.
━━━ TheOrie ━━━
  Available: 35 units (2 types)
    1 Bedroom + Study: 28
    3 Bedroom Dual Key: 7
  ℹ️  No count change (35 units). Date refreshed.
━━━ upperhouse ━━━
  Available: 54 units (3 types)
    1 Bedroom + Study: 26
    2 Bedroom Premium: 18
    4 Bedroom Suite (Private Lift): 10
  ℹ️  No count change (54 units). Date refreshed.
━━━ promenadepeak ━━━
  Available: 159 units (7 types)
    1 Bedroom + Study: 37
    2 Bedroom: 18
    2 Bedroom + Study: 63
    3 Bedroom: 3
    3 Bedroom Premium (Private Lift): 5
    4 Bedroom Premium (Private Lift): 18
    5 Bedroom Premium (Private Lift): 15
  ℹ️  No count change (159 units). Date refreshed.
━━━ zyongrand ━━━
  Available: 70 units (6 types)
    1 Bedroom + Study: 27
    2 Bedroom Premium + Study: 9
    3 Bedroom: 4
    4 Bedroom Supreme + Study: 11
    5 Bedroom Supreme: 18
    Penthouse (5BR + Private Lift): 1
  ℹ️  No count change (70 units). Date refreshed.
━━━ rivergreen ━━━
  Available: 29 units (5 types)
    1 Bedroom: 14
    1 Bedroom + Study: 2
    2 Bedroom (Premium): 8
    2 Bedroom + Study: 3
    3 Bedroom: 2
  ℹ️  No count change (29 units). Date refreshed.
━━━ newportresidences ━━━
  Available: 44 units (6 types)
    1 Bedroom: 11
    1 Bedroom + Study: 9
    3 Bedroom: 2
    3 Bedroom Premium: 4
    4 Bedroom Premium: 17
    Super Penthouse: 1
  ℹ️  No count change (44 units). Date refreshed.
━━━ sophiameadow ━━━
  Available: 41 units (4 types)
    1 Bedroom: 10
    1 Bedroom + Study: 4
    2 Bedroom: 17
    3 Bedroom: 10
  ℹ️  No count change (41 units). Date refreshed.
━━━ elta ━━━
  Available: 87 units (8 types)
    1 Bedroom + Study: 4
    2 Bedroom + Study: 1
    3 Bedroom: 2
    4 Bedroom: 7
    4 Bedroom + Study: 22
    4 Bedroom Dual Key: 20
    4 Bedroom Premium: 6
    5 Bedroom: 25
  ℹ️  No count change (87 units). Date refreshed.
━━━ dunearnhouse ━━━
  Available: 155 units (8 types)
    2 Bedroom: 24
    2 Bedroom + Study: 10
    2 Bedroom Premium: 43
    3 Bedroom + Study: 1
    3 Bedroom Premium: 12
    4 Bedroom: 4
    4 Bedroom Premium: 30
    4 Bedroom Premium + Study: 31
  ℹ️  No count change (155 units). Date refreshed.
━━━ arcady ━━━
  Available: 64 units (6 types)
    1 Bedroom + Study: 1
    2 Bedroom: 2
    2 Bedroom + Study: 26
    3 Bedroom Premium: 20
    3 Bedroom Premium + Study: 13
    Penthouse: 2
  ℹ️  No count change (64 units). Date refreshed.
━━━ hudsonplace ━━━
  Available: 89 units (8 types)
    2 Bedroom Premium: 19
    2 Bedroom Premium + Study: 10
    3 Bedroom Premium: 14
    3 Bedroom Premium + Study: 4
    4 Bedroom Suite + Flexi: 38
    5BR + Entertainment Room + Flexi: 1
    5BR + Study: 1
    6BR + Entertainment Room + Private Lift: 2
  ℹ️  No count change (89 units). Date refreshed.
━━━ lentor-gardens ━━━
  Available: 224 units (8 types)
    2 Bedroom + Study: 104
    2 Bedroom Premium: 36
    2 Bedroom Premium (HS): 1
    3 Bedroom Premium: 15
    3 Bedroom Premium + Study: 11
    4 Bedroom Compact: 18
    4 Bedroom Premium: 36
    Strata Terrace House: 3
  ℹ️  No count change (224 units). Date refreshed.
━━━ OneMarinaGardens ━━━
  Available: 273 units (5 types)
    2 Bedroom: 152
    3 Bedroom: 47
    3 Bedroom (Dual Key): 13
    3 Bedroom Premium: 52
    4 Bedroom Premium: 9
  ℹ️  No count change (273 units). Date refreshed.
━━━ unionsquare ━━━
  Available: 151 units (6 types)
    1 Bedroom: 21
    1 Bedroom + Study: 35
    2 Bedroom: 55
    2 Bedroom + Study: 12
    4 Bedroom Premium: 27
    Sky Suite: 1
  ℹ️  No count change (151 units). Date refreshed.
━━━ narraresidences ━━━
  Available: 328 units (11 types)
    2 Bedroom Compact: 8
    2 Bedroom Premium: 20
    2 Bedroom + Helper's Room: 43
    2 Bedroom + Helper's Room & Study: 4
    2 Bedroom + Study: 77
    3 Bedroom Flexi: 6
    3 Bedroom Premium: 70
    3 Bedroom + Study: 20
    4 Bedroom Compact: 29
    4 Bedroom Premium: 25
    5 Bedroom + Private Lift: 26
  ℹ️  No count change (328 units). Date refreshed.
━━━ velabay ━━━
  Available: 133 units (9 types)
    1 Bedroom + Study: 7
    2 Bedroom: 4
    2 Bedroom Premium: 8
    3 Bedroom: 8
    3 Bedroom Premium: 34
    4 Bedroom: 34
    4 Bedroom (Private Lift): 17
    5 Bedroom (Private Lift): 20
    Penthouse 2: 1
  ℹ️  No count change (133 units). Date refreshed.
━━━ thesen ━━━
  Available: 200 units (5 types)
    2 Bedroom: 51
    2 Bedroom + Study: 48
    3 Bedroom: 31
    3 Bedroom + Study: 36
    4 Bedroom + Study: 34
  ℹ️  No count change (200 units). Date refreshed.
━━━ thecontinuum ━━━
  Available: 17 units (2 types)
    4 Bedroom Premier: 2
    5 Bedroom: 15
  ℹ️  No count change (17 units). Date refreshed.

=== Uploading to FTP ===
  bagnallhous: ✅ uploaded
  TheOrie: ✅ uploaded
  upperhouse: ✅ uploaded
  promenadepeak: ✅ uploaded
  zyongrand: ✅ uploaded
  rivergreen: ✅ uploaded
  newportresidences: ✅ uploaded
  sophiameadow: ✅ uploaded
  elta: ✅ uploaded
  dunearnhouse: ✅ uploaded
  arcady: ✅ uploaded
  hudsonplace: ✅ uploaded
  lentor-gardens: ✅ uploaded
  OneMarinaGardens: ✅ uploaded
  unionsquare: ✅ uploaded
  narraresidences: ✅ uploaded
  velabay: ✅ uploaded
  thesen: ✅ uploaded
  thecontinuum: ✅ uploaded

✅ State saved.
No changes to report.

=== Balance Units Auto-Update ===
Time: 06/08/2026, 9:00:03 am

━━━ bagnallhous ━━━
  Available: 9 units (4 types)
    1BR + Flexi: 2
    4 Bedroom: 4
    4BR + Flexi: 1
    5 Bedroom: 2
  ℹ️  No count change (9 units). Date refreshed.
━━━ TheOrie ━━━
  Available: 35 units (2 types)
    1 Bedroom + Study: 28
    3 Bedroom Dual Key: 7
  ℹ️  No count change (35 units). Date refreshed.
━━━ upperhouse ━━━
  Available: 54 units (3 types)
    1 Bedroom + Study: 26
    2 Bedroom Premium: 18
    4 Bedroom Suite (Private Lift): 10
  ℹ️  No count change (54 units). Date refreshed.
━━━ promenadepeak ━━━
  Available: 159 units (7 types)
    1 Bedroom + Study: 37
    2 Bedroom: 18
    2 Bedroom + Study: 63
    3 Bedroom: 3
    3 Bedroom Premium (Private Lift): 5
    4 Bedroom Premium (Private Lift): 18
    5 Bedroom Premium (Private Lift): 15
  ℹ️  No count change (159 units). Date refreshed.
━━━ zyongrand ━━━
  Available: 70 units (6 types)
    1 Bedroom + Study: 27
    2 Bedroom Premium + Study: 9
    3 Bedroom: 4
    4 Bedroom Supreme + Study: 11
    5 Bedroom Supreme: 18
    Penthouse (5BR + Private Lift): 1
  ℹ️  No count change (70 units). Date refreshed.
━━━ rivergreen ━━━
  Available: 29 units (5 types)
    1 Bedroom: 14
    1 Bedroom + Study: 2
    2 Bedroom (Premium): 8
    2 Bedroom + Study: 3
    3 Bedroom: 2
  ℹ️  No count change (29 units). Date refreshed.
━━━ newportresidences ━━━
  Available: 43 units (6 types)
    1 Bedroom: 10
    1 Bedroom + Study: 9
    3 Bedroom: 2
    3 Bedroom Premium: 4
    4 Bedroom Premium: 17
    Super Penthouse: 1
  ✅ Table updated → 43 units
━━━ sophiameadow ━━━
  Available: 41 units (4 types)
    1 Bedroom: 10
    1 Bedroom + Study: 4
    2 Bedroom: 17
    3 Bedroom: 10
  ℹ️  No count change (41 units). Date refreshed.
━━━ elta ━━━
  Available: 86 units (7 types)
    1 Bedroom + Study: 4
    3 Bedroom: 2
    4 Bedroom: 7
    4 Bedroom + Study: 22
    4 Bedroom Dual Key: 20
    4 Bedroom Premium: 6
    5 Bedroom: 25
  ✅ Table updated → 86 units
━━━ dunearnhouse ━━━
  Available: 155 units (8 types)
    2 Bedroom: 24
    2 Bedroom + Study: 10
    2 Bedroom Premium: 43
    3 Bedroom + Study: 1
    3 Bedroom Premium: 12
    4 Bedroom: 4
    4 Bedroom Premium: 30
    4 Bedroom Premium + Study: 31
  ℹ️  No count change (155 units). Date refreshed.
━━━ arcady ━━━
  Available: 64 units (6 types)
    1 Bedroom + Study: 1
    2 Bedroom: 2
    2 Bedroom + Study: 26
    3 Bedroom Premium: 20
    3 Bedroom Premium + Study: 13
    Penthouse: 2
  ℹ️  No count change (64 units). Date refreshed.
━━━ hudsonplace ━━━
  Available: 89 units (8 types)
    2 Bedroom Premium: 19
    2 Bedroom Premium + Study: 10
    3 Bedroom Premium: 14
    3 Bedroom Premium + Study: 4
    4 Bedroom Suite + Flexi: 38
    5BR + Entertainment Room + Flexi: 1
    5BR + Study: 1
    6BR + Entertainment Room + Private Lift: 2
  ℹ️  No count change (89 units). Date refreshed.
━━━ lentor-gardens ━━━
  Available: 223 units (8 types)
    2 Bedroom + Study: 104
    2 Bedroom Premium: 36
    2 Bedroom Premium (HS): 1
    3 Bedroom Premium: 14
    3 Bedroom Premium + Study: 11
    4 Bedroom Compact: 18
    4 Bedroom Premium: 36
    Strata Terrace House: 3
  ✅ Table updated → 223 units
━━━ OneMarinaGardens ━━━
  Available: 273 units (5 types)
    2 Bedroom: 152
    3 Bedroom: 47
    3 Bedroom (Dual Key): 13
    3 Bedroom Premium: 52
    4 Bedroom Premium: 9
  ℹ️  No count change (273 units). Date refreshed.
━━━ unionsquare ━━━
  Available: 150 units (6 types)
    1 Bedroom: 21
    1 Bedroom + Study: 35
    2 Bedroom: 55
    2 Bedroom + Study: 11
    4 Bedroom Premium: 27
    Sky Suite: 1
  ✅ Table updated → 150 units
━━━ narraresidences ━━━
  Available: 328 units (11 types)
    2 Bedroom Compact: 8
    2 Bedroom Premium: 20
    2 Bedroom + Helper's Room: 43
    2 Bedroom + Helper's Room & Study: 4
    2 Bedroom + Study: 77
    3 Bedroom Flexi: 6
    3 Bedroom Premium: 70
    3 Bedroom + Study: 20
    4 Bedroom Compact: 29
    4 Bedroom Premium: 25
    5 Bedroom + Private Lift: 26
  ℹ️  No count change (328 units). Date refreshed.
━━━ velabay ━━━
  Available: 133 units (9 types)
    1 Bedroom + Study: 7
    2 Bedroom: 4
    2 Bedroom Premium: 8
    3 Bedroom: 8
    3 Bedroom Premium: 34
    4 Bedroom: 34
    4 Bedroom (Private Lift): 17
    5 Bedroom (Private Lift): 20
    Penthouse 2: 1
  ℹ️  No count change (133 units). Date refreshed.
━━━ thesen ━━━
  Available: 200 units (5 types)
    2 Bedroom: 51
    2 Bedroom + Study: 48
    3 Bedroom: 31
    3 Bedroom + Study: 36
    4 Bedroom + Study: 34
  ℹ️  No count change (200 units). Date refreshed.
━━━ thecontinuum ━━━
  Available: 17 units (2 types)
    4 Bedroom Premier: 2
    5 Bedroom: 15
  ℹ️  No count change (17 units). Date refreshed.

=== Uploading to FTP ===
  bagnallhous: ✅ uploaded
  TheOrie: ✅ uploaded
  upperhouse: ✅ uploaded
  promenadepeak: ✅ uploaded
  zyongrand: ✅ uploaded
  rivergreen: ✅ uploaded
  newportresidences: ✅ uploaded
  sophiameadow: ✅ uploaded
  elta: ✅ uploaded
  dunearnhouse: ✅ uploaded
  arcady: ✅ uploaded
  hudsonplace: ✅ uploaded
  lentor-gardens: ✅ uploaded
  OneMarinaGardens: ✅ uploaded
  unionsquare: ✅ uploaded
  narraresidences: ✅ uploaded
  velabay: ✅ uploaded
  thesen: ✅ uploaded
  thecontinuum: ✅ uploaded

✅ State saved.
  Telegram notify: HTTP 200

=== Balance Units Auto-Update ===
Time: 07/08/2026, 9:00:04 am

━━━ bagnallhous ━━━
  Available: 9 units (4 types)
    1BR + Flexi: 2
    4 Bedroom: 4
    4BR + Flexi: 1
    5 Bedroom: 2
  ℹ️  No count change (9 units). Date refreshed.
━━━ TheOrie ━━━
  Available: 35 units (2 types)
    1 Bedroom + Study: 28
    3 Bedroom Dual Key: 7
  ℹ️  No count change (35 units). Date refreshed.
━━━ upperhouse ━━━
  Available: 54 units (3 types)
    1 Bedroom + Study: 26
    2 Bedroom Premium: 18
    4 Bedroom Suite (Private Lift): 10
  ℹ️  No count change (54 units). Date refreshed.
━━━ promenadepeak ━━━
  Available: 159 units (7 types)
    1 Bedroom + Study: 37
    2 Bedroom: 18
    2 Bedroom + Study: 63
    3 Bedroom: 3
    3 Bedroom Premium (Private Lift): 5
    4 Bedroom Premium (Private Lift): 18
    5 Bedroom Premium (Private Lift): 15
  ℹ️  No count change (159 units). Date refreshed.
━━━ zyongrand ━━━
  Available: 70 units (6 types)
    1 Bedroom + Study: 27
    2 Bedroom Premium + Study: 9
    3 Bedroom: 4
    4 Bedroom Supreme + Study: 11
    5 Bedroom Supreme: 18
    Penthouse (5BR + Private Lift): 1
  ℹ️  No count change (70 units). Date refreshed.
━━━ rivergreen ━━━
  Available: 29 units (5 types)
    1 Bedroom: 14
    1 Bedroom + Study: 2
    2 Bedroom (Premium): 8
    2 Bedroom + Study: 3
    3 Bedroom: 2
  ℹ️  No count change (29 units). Date refreshed.
━━━ newportresidences ━━━
  Available: 43 units (6 types)
    1 Bedroom: 10
    1 Bedroom + Study: 9
    3 Bedroom: 2
    3 Bedroom Premium: 4
    4 Bedroom Premium: 17
    Super Penthouse: 1
  ℹ️  No count change (43 units). Date refreshed.
━━━ sophiameadow ━━━
  Available: 41 units (4 types)
    1 Bedroom: 10
    1 Bedroom + Study: 4
    2 Bedroom: 17
    3 Bedroom: 10
  ℹ️  No count change (41 units). Date refreshed.
━━━ elta ━━━
  Available: 86 units (7 types)
    1 Bedroom + Study: 4
    3 Bedroom: 2
    4 Bedroom: 7
    4 Bedroom + Study: 22
    4 Bedroom Dual Key: 20
    4 Bedroom Premium: 6
    5 Bedroom: 25
  ℹ️  No count change (86 units). Date refreshed.
━━━ dunearnhouse ━━━
  Available: 155 units (8 types)
    2 Bedroom: 24
    2 Bedroom + Study: 10
    2 Bedroom Premium: 43
    3 Bedroom + Study: 1
    3 Bedroom Premium: 12
    4 Bedroom: 4
    4 Bedroom Premium: 30
    4 Bedroom Premium + Study: 31
  ℹ️  No count change (155 units). Date refreshed.
━━━ arcady ━━━
  Available: 64 units (6 types)
    1 Bedroom + Study: 1
    2 Bedroom: 2
    2 Bedroom + Study: 26
    3 Bedroom Premium: 20
    3 Bedroom Premium + Study: 13
    Penthouse: 2
  ℹ️  No count change (64 units). Date refreshed.
━━━ hudsonplace ━━━
  Available: 88 units (8 types)
    2 Bedroom Premium: 19
    2 Bedroom Premium + Study: 10
    3 Bedroom Premium: 14
    3 Bedroom Premium + Study: 4
    4 Bedroom Suite + Flexi: 37
    5BR + Entertainment Room + Flexi: 1
    5BR + Study: 1
    6BR + Entertainment Room + Private Lift: 2
  ✅ Table updated → 88 units
━━━ lentor-gardens ━━━
  Available: 221 units (8 types)
    2 Bedroom + Study: 104
    2 Bedroom Premium: 35
    2 Bedroom Premium (HS): 1
    3 Bedroom Premium: 14
    3 Bedroom Premium + Study: 11
    4 Bedroom Compact: 18
    4 Bedroom Premium: 35
    Strata Terrace House: 3
  ✅ Table updated → 221 units
━━━ OneMarinaGardens ━━━
  Available: 273 units (5 types)
    2 Bedroom: 152
    3 Bedroom: 47
    3 Bedroom (Dual Key): 13
    3 Bedroom Premium: 52
    4 Bedroom Premium: 9
  ℹ️  No count change (273 units). Date refreshed.
━━━ unionsquare ━━━
  Available: 149 units (6 types)
    1 Bedroom: 21
    1 Bedroom + Study: 34
    2 Bedroom: 55
    2 Bedroom + Study: 11
    4 Bedroom Premium: 27
    Sky Suite: 1
  ✅ Table updated → 149 units
━━━ narraresidences ━━━
  Available: 328 units (11 types)
    2 Bedroom Compact: 8
    2 Bedroom Premium: 20
    2 Bedroom + Helper's Room: 43
    2 Bedroom + Helper's Room & Study: 4
    2 Bedroom + Study: 77
    3 Bedroom Flexi: 6
    3 Bedroom Premium: 70
    3 Bedroom + Study: 20
    4 Bedroom Compact: 29
    4 Bedroom Premium: 25
    5 Bedroom + Private Lift: 26
  ℹ️  No count change (328 units). Date refreshed.
━━━ velabay ━━━
  Available: 132 units (9 types)
    1 Bedroom + Study: 6
    2 Bedroom: 4
    2 Bedroom Premium: 8
    3 Bedroom: 8
    3 Bedroom Premium: 34
    4 Bedroom: 34
    4 Bedroom (Private Lift): 17
    5 Bedroom (Private Lift): 20
    Penthouse 2: 1
  ✅ Table updated → 132 units
━━━ thesen ━━━
  Available: 199 units (5 types)
    2 Bedroom: 51
    2 Bedroom + Study: 48
    3 Bedroom: 30
    3 Bedroom + Study: 36
    4 Bedroom + Study: 34
  ✅ Table updated → 199 units
━━━ thecontinuum ━━━
  Available: 17 units (2 types)
    4 Bedroom Premier: 2
    5 Bedroom: 15
  ℹ️  No count change (17 units). Date refreshed.
━━━ BelgraviaAce ━━━
  Available: 23 units (1 types)
    Semi-Detached: 23
  ✅ Table updated → 23 units

=== Uploading to FTP ===
  bagnallhous: ✅ uploaded
  TheOrie: ✅ uploaded
  upperhouse: ✅ uploaded
  promenadepeak: ✅ uploaded
  zyongrand: ✅ uploaded
  rivergreen: ✅ uploaded
  newportresidences: ✅ uploaded
  sophiameadow: ✅ uploaded
  elta: ✅ uploaded
  dunearnhouse: ✅ uploaded
  arcady: ✅ uploaded
  hudsonplace: ✅ uploaded
  lentor-gardens: ✅ uploaded
  OneMarinaGardens: ✅ uploaded
  unionsquare: ✅ uploaded
  narraresidences: ✅ uploaded
  velabay: ✅ uploaded
  thesen: ✅ uploaded
  thecontinuum: ✅ uploaded
  BelgraviaAce: ✅ uploaded

✅ State saved.
  Telegram notify: HTTP 200

=== Balance Units Auto-Update ===
Time: 08/08/2026, 9:00:03 am

━━━ bagnallhous ━━━
  Available: 9 units (4 types)
    1BR + Flexi: 2
    4 Bedroom: 4
    4BR + Flexi: 1
    5 Bedroom: 2
  ℹ️  No count change (9 units). Date refreshed.
━━━ TheOrie ━━━
  Available: 35 units (2 types)
    1 Bedroom + Study: 28
    3 Bedroom Dual Key: 7
  ℹ️  No count change (35 units). Date refreshed.
━━━ upperhouse ━━━
  Available: 54 units (3 types)
    1 Bedroom + Study: 26
    2 Bedroom Premium: 18
    4 Bedroom Suite (Private Lift): 10
  ℹ️  No count change (54 units). Date refreshed.
━━━ promenadepeak ━━━
  Available: 159 units (7 types)
    1 Bedroom + Study: 37
    2 Bedroom: 18
    2 Bedroom + Study: 63
    3 Bedroom: 3
    3 Bedroom Premium (Private Lift): 5
    4 Bedroom Premium (Private Lift): 18
    5 Bedroom Premium (Private Lift): 15
  ℹ️  No count change (159 units). Date refreshed.
━━━ zyongrand ━━━
  Available: 70 units (6 types)
    1 Bedroom + Study: 27
    2 Bedroom Premium + Study: 9
    3 Bedroom: 4
    4 Bedroom Supreme + Study: 11
    5 Bedroom Supreme: 18
    Penthouse (5BR + Private Lift): 1
  ℹ️  No count change (70 units). Date refreshed.
━━━ rivergreen ━━━
  Available: 29 units (5 types)
    1 Bedroom: 14
    1 Bedroom + Study: 2
    2 Bedroom (Premium): 8
    2 Bedroom + Study: 3
    3 Bedroom: 2
  ℹ️  No count change (29 units). Date refreshed.
━━━ newportresidences ━━━
  Available: 43 units (6 types)
    1 Bedroom: 10
    1 Bedroom + Study: 9
    3 Bedroom: 2
    3 Bedroom Premium: 4
    4 Bedroom Premium: 17
    Super Penthouse: 1
  ℹ️  No count change (43 units). Date refreshed.
━━━ sophiameadow ━━━
  Available: 41 units (4 types)
    1 Bedroom: 10
    1 Bedroom + Study: 4
    2 Bedroom: 17
    3 Bedroom: 10
  ℹ️  No count change (41 units). Date refreshed.
━━━ elta ━━━
  Available: 86 units (7 types)
    1 Bedroom + Study: 4
    3 Bedroom: 2
    4 Bedroom: 7
    4 Bedroom + Study: 22
    4 Bedroom Dual Key: 20
    4 Bedroom Premium: 6
    5 Bedroom: 25
  ℹ️  No count change (86 units). Date refreshed.
━━━ dunearnhouse ━━━
  Available: 154 units (8 types)
    2 Bedroom: 24
    2 Bedroom + Study: 9
    2 Bedroom Premium: 43
    3 Bedroom + Study: 1
    3 Bedroom Premium: 12
    4 Bedroom: 4
    4 Bedroom Premium: 30
    4 Bedroom Premium + Study: 31
  ✅ Table updated → 154 units
━━━ arcady ━━━
  Available: 64 units (6 types)
    1 Bedroom + Study: 1
    2 Bedroom: 2
    2 Bedroom + Study: 26
    3 Bedroom Premium: 20
    3 Bedroom Premium + Study: 13
    Penthouse: 2
  ℹ️  No count change (64 units). Date refreshed.
━━━ hudsonplace ━━━
  Available: 88 units (8 types)
    2 Bedroom Premium: 19
    2 Bedroom Premium + Study: 10
    3 Bedroom Premium: 14
    3 Bedroom Premium + Study: 4
    4 Bedroom Suite + Flexi: 37
    5BR + Entertainment Room + Flexi: 1
    5BR + Study: 1
    6BR + Entertainment Room + Private Lift: 2
  ℹ️  No count change (88 units). Date refreshed.
━━━ lentor-gardens ━━━
  Available: 221 units (8 types)
    2 Bedroom + Study: 104
    2 Bedroom Premium: 35
    2 Bedroom Premium (HS): 1
    3 Bedroom Premium: 14
    3 Bedroom Premium + Study: 11
    4 Bedroom Compact: 18
    4 Bedroom Premium: 35
    Strata Terrace House: 3
  ℹ️  No count change (221 units). Date refreshed.
━━━ OneMarinaGardens ━━━
  Available: 273 units (5 types)
    2 Bedroom: 152
    3 Bedroom: 47
    3 Bedroom (Dual Key): 13
    3 Bedroom Premium: 52
    4 Bedroom Premium: 9
  ℹ️  No count change (273 units). Date refreshed.
━━━ unionsquare ━━━
  Available: 148 units (6 types)
    1 Bedroom: 21
    1 Bedroom + Study: 34
    2 Bedroom: 55
    2 Bedroom + Study: 10
    4 Bedroom Premium: 27
    Sky Suite: 1
  ✅ Table updated → 148 units
━━━ narraresidences ━━━
  Available: 326 units (11 types)
    2 Bedroom Compact: 8
    2 Bedroom Premium: 20
    2 Bedroom + Helper's Room: 43
    2 Bedroom + Helper's Room & Study: 3
    2 Bedroom + Study: 77
    3 Bedroom Flexi: 5
    3 Bedroom Premium: 70
    3 Bedroom + Study: 20
    4 Bedroom Compact: 29
    4 Bedroom Premium: 25
    5 Bedroom + Private Lift: 26
  ✅ Table updated → 326 units
━━━ velabay ━━━
  Available: 132 units (9 types)
    1 Bedroom + Study: 6
    2 Bedroom: 4
    2 Bedroom Premium: 8
    3 Bedroom: 8
    3 Bedroom Premium: 34
    4 Bedroom: 34
    4 Bedroom (Private Lift): 17
    5 Bedroom (Private Lift): 20
    Penthouse 2: 1
  ℹ️  No count change (132 units). Date refreshed.
━━━ thesen ━━━
  Available: 199 units (5 types)
    2 Bedroom: 51
    2 Bedroom + Study: 48
    3 Bedroom: 30
    3 Bedroom + Study: 36
    4 Bedroom + Study: 34
  ℹ️  No count change (199 units). Date refreshed.
━━━ thecontinuum ━━━
  Available: 17 units (2 types)
    4 Bedroom Premier: 2
    5 Bedroom: 15
  ℹ️  No count change (17 units). Date refreshed.
━━━ BelgraviaAce ━━━
  Available: 23 units (1 types)
    Semi-Detached: 23
  ℹ️  No count change (23 units). Date refreshed.

=== Uploading to FTP ===
  bagnallhous: ✅ uploaded
  TheOrie: ✅ uploaded
  upperhouse: ✅ uploaded
  promenadepeak: ✅ uploaded
  zyongrand: ✅ uploaded
  rivergreen: ✅ uploaded
  newportresidences: ✅ uploaded
  sophiameadow: ✅ uploaded
  elta: ✅ uploaded
  dunearnhouse: ✅ uploaded
  arcady: ✅ uploaded
  hudsonplace: ✅ uploaded
  lentor-gardens: ✅ uploaded
  OneMarinaGardens: ✅ uploaded
  unionsquare: ✅ uploaded
  narraresidences: ✅ uploaded
  velabay: ✅ uploaded
  thesen: ✅ uploaded
  thecontinuum: ✅ uploaded
  BelgraviaAce: ✅ uploaded

✅ State saved.
  Telegram notify: HTTP 200

=== Balance Units Auto-Update ===
Time: 09/08/2026, 9:00:03 am

━━━ bagnallhous ━━━
  Available: 9 units (4 types)
    1BR + Flexi: 2
    4 Bedroom: 4
    4BR + Flexi: 1
    5 Bedroom: 2
  ℹ️  No count change (9 units). Date refreshed.
━━━ TheOrie ━━━
  Available: 35 units (2 types)
    1 Bedroom + Study: 28
    3 Bedroom Dual Key: 7
  ℹ️  No count change (35 units). Date refreshed.
━━━ upperhouse ━━━
  Available: 54 units (3 types)
    1 Bedroom + Study: 26
    2 Bedroom Premium: 18
    4 Bedroom Suite (Private Lift): 10
  ℹ️  No count change (54 units). Date refreshed.
━━━ promenadepeak ━━━
  Available: 159 units (7 types)
    1 Bedroom + Study: 37
    2 Bedroom: 18
    2 Bedroom + Study: 63
    3 Bedroom: 3
    3 Bedroom Premium (Private Lift): 5
    4 Bedroom Premium (Private Lift): 18
    5 Bedroom Premium (Private Lift): 15
  ℹ️  No count change (159 units). Date refreshed.
━━━ zyongrand ━━━
  Available: 70 units (6 types)
    1 Bedroom + Study: 27
    2 Bedroom Premium + Study: 9
    3 Bedroom: 4
    4 Bedroom Supreme + Study: 11
    5 Bedroom Supreme: 18
    Penthouse (5BR + Private Lift): 1
  ℹ️  No count change (70 units). Date refreshed.
━━━ rivergreen ━━━
  Available: 28 units (5 types)
    1 Bedroom: 14
    1 Bedroom + Study: 2
    2 Bedroom (Premium): 8
    2 Bedroom + Study: 2
    3 Bedroom: 2
  ✅ Table updated → 28 units
━━━ newportresidences ━━━
  Available: 43 units (6 types)
    1 Bedroom: 10
    1 Bedroom + Study: 9
    3 Bedroom: 2
    3 Bedroom Premium: 4
    4 Bedroom Premium: 17
    Super Penthouse: 1
  ℹ️  No count change (43 units). Date refreshed.
━━━ sophiameadow ━━━
  Available: 41 units (4 types)
    1 Bedroom: 10
    1 Bedroom + Study: 4
    2 Bedroom: 17
    3 Bedroom: 10
  ℹ️  No count change (41 units). Date refreshed.
━━━ elta ━━━
  Available: 85 units (7 types)
    1 Bedroom + Study: 4
    3 Bedroom: 2
    4 Bedroom: 7
    4 Bedroom + Study: 22
    4 Bedroom Dual Key: 20
    4 Bedroom Premium: 6
    5 Bedroom: 24
  ✅ Table updated → 85 units
━━━ dunearnhouse ━━━
  Available: 155 units (8 types)
    2 Bedroom: 25
    2 Bedroom + Study: 9
    2 Bedroom Premium: 43
    3 Bedroom + Study: 1
    3 Bedroom Premium: 12
    4 Bedroom: 4
    4 Bedroom Premium: 30
    4 Bedroom Premium + Study: 31
  ✅ Table updated → 155 units
━━━ arcady ━━━
  Available: 64 units (6 types)
    1 Bedroom + Study: 1
    2 Bedroom: 2
    2 Bedroom + Study: 26
    3 Bedroom Premium: 20
    3 Bedroom Premium + Study: 13
    Penthouse: 2
  ℹ️  No count change (64 units). Date refreshed.
━━━ hudsonplace ━━━
  Available: 87 units (8 types)
    2 Bedroom Premium: 19
    2 Bedroom Premium + Study: 9
    3 Bedroom Premium: 14
    3 Bedroom Premium + Study: 4
    4 Bedroom Suite + Flexi: 37
    5BR + Entertainment Room + Flexi: 1
    5BR + Study: 1
    6BR + Entertainment Room + Private Lift: 2
  ✅ Table updated → 87 units
━━━ lentor-gardens ━━━
  Available: 220 units (8 types)
    2 Bedroom + Study: 104
    2 Bedroom Premium: 35
    2 Bedroom Premium (HS): 1
    3 Bedroom Premium: 13
    3 Bedroom Premium + Study: 11
    4 Bedroom Compact: 18
    4 Bedroom Premium: 35
    Strata Terrace House: 3
  ✅ Table updated → 220 units
━━━ OneMarinaGardens ━━━
  Available: 272 units (5 types)
    2 Bedroom: 151
    3 Bedroom: 47
    3 Bedroom (Dual Key): 13
    3 Bedroom Premium: 52
    4 Bedroom Premium: 9
  ✅ Table updated → 272 units
━━━ unionsquare ━━━
  Available: 148 units (6 types)
    1 Bedroom: 21
    1 Bedroom + Study: 34
    2 Bedroom: 55
    2 Bedroom + Study: 10
    4 Bedroom Premium: 27
    Sky Suite: 1
  ℹ️  No count change (148 units). Date refreshed.
━━━ narraresidences ━━━
  Available: 326 units (11 types)
    2 Bedroom Compact: 8
    2 Bedroom Premium: 20
    2 Bedroom + Helper's Room: 43
    2 Bedroom + Helper's Room & Study: 3
    2 Bedroom + Study: 77
    3 Bedroom Flexi: 5
    3 Bedroom Premium: 70
    3 Bedroom + Study: 20
    4 Bedroom Compact: 29
    4 Bedroom Premium: 25
    5 Bedroom + Private Lift: 26
  ℹ️  No count change (326 units). Date refreshed.
━━━ velabay ━━━
  Available: 132 units (9 types)
    1 Bedroom + Study: 6
    2 Bedroom: 4
    2 Bedroom Premium: 8
    3 Bedroom: 8
    3 Bedroom Premium: 34
    4 Bedroom: 34
    4 Bedroom (Private Lift): 17
    5 Bedroom (Private Lift): 20
    Penthouse 2: 1
  ℹ️  No count change (132 units). Date refreshed.
━━━ thesen ━━━
  Available: 199 units (5 types)
    2 Bedroom: 51
    2 Bedroom + Study: 48
    3 Bedroom: 30
    3 Bedroom + Study: 36
    4 Bedroom + Study: 34
  ℹ️  No count change (199 units). Date refreshed.
━━━ thecontinuum ━━━
  Available: 17 units (2 types)
    4 Bedroom Premier: 2
    5 Bedroom: 15
  ℹ️  No count change (17 units). Date refreshed.
━━━ BelgraviaAce ━━━
  Available: 23 units (1 types)
    Semi-Detached: 23
  ℹ️  No count change (23 units). Date refreshed.

=== Uploading to FTP ===
  bagnallhous: ✅ uploaded
  TheOrie: ✅ uploaded
  upperhouse: ✅ uploaded
  promenadepeak: ✅ uploaded
  zyongrand: ✅ uploaded
  rivergreen: ✅ uploaded
  newportresidences: ✅ uploaded
  sophiameadow: ✅ uploaded
  elta: ✅ uploaded
  dunearnhouse: ✅ uploaded
  arcady: ✅ uploaded
  hudsonplace: ✅ uploaded
  lentor-gardens: ✅ uploaded
  OneMarinaGardens: ✅ uploaded
  unionsquare: ✅ uploaded
  narraresidences: ✅ uploaded
  velabay: ✅ uploaded
  thesen: ✅ uploaded
  thecontinuum: ✅ uploaded
  BelgraviaAce: ✅ uploaded

✅ State saved.
  Telegram notify: HTTP 200

=== Balance Units Auto-Update ===
Time: 10/08/2026, 9:00:03 am

━━━ bagnallhous ━━━
  Available: 9 units (4 types)
    1BR + Flexi: 2
    4 Bedroom: 4
    4BR + Flexi: 1
    5 Bedroom: 2
  ℹ️  No count change (9 units). Date refreshed.
━━━ TheOrie ━━━
  Available: 35 units (2 types)
    1 Bedroom + Study: 28
    3 Bedroom Dual Key: 7
  ℹ️  No count change (35 units). Date refreshed.
━━━ upperhouse ━━━
  Available: 54 units (3 types)
    1 Bedroom + Study: 26
    2 Bedroom Premium: 18
    4 Bedroom Suite (Private Lift): 10
  ℹ️  No count change (54 units). Date refreshed.
━━━ promenadepeak ━━━
  Available: 159 units (7 types)
    1 Bedroom + Study: 37
    2 Bedroom: 18
    2 Bedroom + Study: 63
    3 Bedroom: 3
    3 Bedroom Premium (Private Lift): 5
    4 Bedroom Premium (Private Lift): 18
    5 Bedroom Premium (Private Lift): 15
  ℹ️  No count change (159 units). Date refreshed.
━━━ zyongrand ━━━
  Available: 70 units (6 types)
    1 Bedroom + Study: 27
    2 Bedroom Premium + Study: 9
    3 Bedroom: 4
    4 Bedroom Supreme + Study: 11
    5 Bedroom Supreme: 18
    Penthouse (5BR + Private Lift): 1
  ℹ️  No count change (70 units). Date refreshed.
━━━ rivergreen ━━━
  Available: 28 units (5 types)
    1 Bedroom: 14
    1 Bedroom + Study: 2
    2 Bedroom (Premium): 8
    2 Bedroom + Study: 2
    3 Bedroom: 2
  ℹ️  No count change (28 units). Date refreshed.
━━━ newportresidences ━━━
  Available: 43 units (6 types)
    1 Bedroom: 10
    1 Bedroom + Study: 9
    3 Bedroom: 2
    3 Bedroom Premium: 4
    4 Bedroom Premium: 17
    Super Penthouse: 1
  ℹ️  No count change (43 units). Date refreshed.
━━━ sophiameadow ━━━
  Available: 41 units (4 types)
    1 Bedroom: 10
    1 Bedroom + Study: 4
    2 Bedroom: 17
    3 Bedroom: 10
  ℹ️  No count change (41 units). Date refreshed.
━━━ elta ━━━
  Available: 85 units (7 types)
    1 Bedroom + Study: 4
    3 Bedroom: 2
    4 Bedroom: 7
    4 Bedroom + Study: 22
    4 Bedroom Dual Key: 20
    4 Bedroom Premium: 6
    5 Bedroom: 24
  ℹ️  No count change (85 units). Date refreshed.
━━━ dunearnhouse ━━━
  Available: 153 units (8 types)
    2 Bedroom: 24
    2 Bedroom + Study: 8
    2 Bedroom Premium: 43
    3 Bedroom + Study: 1
    3 Bedroom Premium: 12
    4 Bedroom: 4
    4 Bedroom Premium: 30
    4 Bedroom Premium + Study: 31
  ✅ Table updated → 153 units
━━━ arcady ━━━
  Available: 64 units (6 types)
    1 Bedroom + Study: 1
    2 Bedroom: 2
    2 Bedroom + Study: 26
    3 Bedroom Premium: 20
    3 Bedroom Premium + Study: 13
    Penthouse: 2
  ℹ️  No count change (64 units). Date refreshed.
━━━ hudsonplace ━━━
  Available: 87 units (8 types)
    2 Bedroom Premium: 19
    2 Bedroom Premium + Study: 9
    3 Bedroom Premium: 14
    3 Bedroom Premium + Study: 4
    4 Bedroom Suite + Flexi: 37
    5BR + Entertainment Room + Flexi: 1
    5BR + Study: 1
    6BR + Entertainment Room + Private Lift: 2
  ℹ️  No count change (87 units). Date refreshed.
━━━ lentor-gardens ━━━
  Available: 217 units (8 types)
    2 Bedroom + Study: 104
    2 Bedroom Premium: 34
    2 Bedroom Premium (HS): 1
    3 Bedroom Premium: 13
    3 Bedroom Premium + Study: 10
    4 Bedroom Compact: 17
    4 Bedroom Premium: 35
    Strata Terrace House: 3
  ✅ Table updated → 217 units
━━━ OneMarinaGardens ━━━
  Available: 272 units (5 types)
    2 Bedroom: 151
    3 Bedroom: 47
    3 Bedroom (Dual Key): 13
    3 Bedroom Premium: 52
    4 Bedroom Premium: 9
  ℹ️  No count change (272 units). Date refreshed.
━━━ unionsquare ━━━
  Available: 148 units (6 types)
    1 Bedroom: 21
    1 Bedroom + Study: 34
    2 Bedroom: 55
    2 Bedroom + Study: 10
    4 Bedroom Premium: 27
    Sky Suite: 1
  ℹ️  No count change (148 units). Date refreshed.
━━━ narraresidences ━━━
  Available: 326 units (11 types)
    2 Bedroom Compact: 8
    2 Bedroom Premium: 20
    2 Bedroom + Helper's Room: 43
    2 Bedroom + Helper's Room & Study: 3
    2 Bedroom + Study: 77
    3 Bedroom Flexi: 5
    3 Bedroom Premium: 70
    3 Bedroom + Study: 20
    4 Bedroom Compact: 29
    4 Bedroom Premium: 25
    5 Bedroom + Private Lift: 26
  ℹ️  No count change (326 units). Date refreshed.
━━━ velabay ━━━
  Available: 132 units (9 types)
    1 Bedroom + Study: 6
    2 Bedroom: 4
    2 Bedroom Premium: 8
    3 Bedroom: 8
    3 Bedroom Premium: 34
    4 Bedroom: 34
    4 Bedroom (Private Lift): 17
    5 Bedroom (Private Lift): 20
    Penthouse 2: 1
  ℹ️  No count change (132 units). Date refreshed.
━━━ thesen ━━━
  Available: 199 units (5 types)
    2 Bedroom: 51
    2 Bedroom + Study: 48
    3 Bedroom: 30
    3 Bedroom + Study: 36
    4 Bedroom + Study: 34
  ℹ️  No count change (199 units). Date refreshed.
━━━ thecontinuum ━━━
  Available: 17 units (2 types)
    4 Bedroom Premier: 2
    5 Bedroom: 15
  ℹ️  No count change (17 units). Date refreshed.
━━━ BelgraviaAce ━━━
  Available: 23 units (1 types)
    Semi-Detached: 23
  ℹ️  No count change (23 units). Date refreshed.

=== Uploading to FTP ===
  bagnallhous: ✅ uploaded
  TheOrie: ✅ uploaded
  upperhouse: ✅ uploaded
  promenadepeak: ✅ uploaded
  zyongrand: ✅ uploaded
  rivergreen: ✅ uploaded
  newportresidences: ✅ uploaded
  sophiameadow: ✅ uploaded
  elta: ✅ uploaded
  dunearnhouse: ✅ uploaded
  arcady: ✅ uploaded
  hudsonplace: ✅ uploaded
  lentor-gardens: ✅ uploaded
  OneMarinaGardens: ✅ uploaded
  unionsquare: ✅ uploaded
  narraresidences: ✅ uploaded
  velabay: ✅ uploaded
  thesen: ✅ uploaded
  thecontinuum: ✅ uploaded
  BelgraviaAce: ✅ uploaded

✅ State saved.
  Telegram notify: HTTP 200

=== Balance Units Auto-Update ===
Time: 11/08/2026, 9:00:02 am

━━━ bagnallhous ━━━
  Available: 9 units (4 types)
    1BR + Flexi: 2
    4 Bedroom: 4
    4BR + Flexi: 1
    5 Bedroom: 2
  ℹ️  No count change (9 units). Date refreshed.
━━━ TheOrie ━━━
  Available: 35 units (2 types)
    1 Bedroom + Study: 28
    3 Bedroom Dual Key: 7
  ℹ️  No count change (35 units). Date refreshed.
━━━ upperhouse ━━━
  Available: 54 units (3 types)
    1 Bedroom + Study: 26
    2 Bedroom Premium: 18
    4 Bedroom Suite (Private Lift): 10
  ℹ️  No count change (54 units). Date refreshed.
━━━ promenadepeak ━━━
  Available: 159 units (7 types)
    1 Bedroom + Study: 37
    2 Bedroom: 18
    2 Bedroom + Study: 63
    3 Bedroom: 3
    3 Bedroom Premium (Private Lift): 5
    4 Bedroom Premium (Private Lift): 18
    5 Bedroom Premium (Private Lift): 15
  ℹ️  No count change (159 units). Date refreshed.
━━━ zyongrand ━━━
  Available: 70 units (6 types)
    1 Bedroom + Study: 27
    2 Bedroom Premium + Study: 9
    3 Bedroom: 4
    4 Bedroom Supreme + Study: 11
    5 Bedroom Supreme: 18
    Penthouse (5BR + Private Lift): 1
  ℹ️  No count change (70 units). Date refreshed.
━━━ rivergreen ━━━
  Available: 28 units (5 types)
    1 Bedroom: 14
    1 Bedroom + Study: 2
    2 Bedroom (Premium): 8
    2 Bedroom + Study: 2
    3 Bedroom: 2
  ℹ️  No count change (28 units). Date refreshed.
━━━ newportresidences ━━━
  Available: 43 units (6 types)
    1 Bedroom: 10
    1 Bedroom + Study: 9
    3 Bedroom: 2
    3 Bedroom Premium: 4
    4 Bedroom Premium: 17
    Super Penthouse: 1
  ℹ️  No count change (43 units). Date refreshed.
━━━ sophiameadow ━━━
  Available: 41 units (4 types)
    1 Bedroom: 10
    1 Bedroom + Study: 4
    2 Bedroom: 17
    3 Bedroom: 10
  ℹ️  No count change (41 units). Date refreshed.
━━━ elta ━━━
  Available: 85 units (7 types)
    1 Bedroom + Study: 4
    3 Bedroom: 2
    4 Bedroom: 7
    4 Bedroom + Study: 22
    4 Bedroom Dual Key: 20
    4 Bedroom Premium: 6
    5 Bedroom: 24
  ℹ️  No count change (85 units). Date refreshed.
━━━ dunearnhouse ━━━
  Available: 153 units (8 types)
    2 Bedroom: 24
    2 Bedroom + Study: 8
    2 Bedroom Premium: 43
    3 Bedroom + Study: 1
    3 Bedroom Premium: 12
    4 Bedroom: 4
    4 Bedroom Premium: 30
    4 Bedroom Premium + Study: 31
  ℹ️  No count change (153 units). Date refreshed.
━━━ arcady ━━━
  Available: 63 units (6 types)
    1 Bedroom + Study: 1
    2 Bedroom: 2
    2 Bedroom + Study: 26
    3 Bedroom Premium: 19
    3 Bedroom Premium + Study: 13
    Penthouse: 2
  ✅ Table updated → 63 units
━━━ hudsonplace ━━━
  Available: 87 units (8 types)
    2 Bedroom Premium: 19
    2 Bedroom Premium + Study: 9
    3 Bedroom Premium: 14
    3 Bedroom Premium + Study: 4
    4 Bedroom Suite + Flexi: 37
    5BR + Entertainment Room + Flexi: 1
    5BR + Study: 1
    6BR + Entertainment Room + Private Lift: 2
  ℹ️  No count change (87 units). Date refreshed.
━━━ lentor-gardens ━━━
  Available: 216 units (8 types)
    2 Bedroom + Study: 104
    2 Bedroom Premium: 34
    2 Bedroom Premium (HS): 1
    3 Bedroom Premium: 13
    3 Bedroom Premium + Study: 10
    4 Bedroom Compact: 16
    4 Bedroom Premium: 35
    Strata Terrace House: 3
  ✅ Table updated → 216 units
━━━ OneMarinaGardens ━━━
  Available: 272 units (5 types)
    2 Bedroom: 151
    3 Bedroom: 47
    3 Bedroom (Dual Key): 13
    3 Bedroom Premium: 52
    4 Bedroom Premium: 9
  ℹ️  No count change (272 units). Date refreshed.
━━━ unionsquare ━━━
  Available: 148 units (6 types)
    1 Bedroom: 21
    1 Bedroom + Study: 34
    2 Bedroom: 55
    2 Bedroom + Study: 10
    4 Bedroom Premium: 27
    Sky Suite: 1
  ✅ Table updated → 148 units
━━━ narraresidences ━━━
  Available: 326 units (11 types)
    2 Bedroom Compact: 8
    2 Bedroom Premium: 20
    2 Bedroom + Helper's Room: 43
    2 Bedroom + Helper's Room & Study: 3
    2 Bedroom + Study: 77
    3 Bedroom Flexi: 5
    3 Bedroom Premium: 70
    3 Bedroom + Study: 20
    4 Bedroom Compact: 29
    4 Bedroom Premium: 25
    5 Bedroom + Private Lift: 26
  ℹ️  No count change (326 units). Date refreshed.
━━━ velabay ━━━
  Available: 132 units (9 types)
    1 Bedroom + Study: 6
    2 Bedroom: 4
    2 Bedroom Premium: 8
    3 Bedroom: 8
    3 Bedroom Premium: 34
    4 Bedroom: 34
    4 Bedroom (Private Lift): 17
    5 Bedroom (Private Lift): 20
    Penthouse 2: 1
  ℹ️  No count change (132 units). Date refreshed.
━━━ thesen ━━━
  Available: 199 units (5 types)
    2 Bedroom: 51
    2 Bedroom + Study: 48
    3 Bedroom: 30
    3 Bedroom + Study: 36
    4 Bedroom + Study: 34
  ℹ️  No count change (199 units). Date refreshed.
━━━ thecontinuum ━━━
  Available: 17 units (2 types)
    4 Bedroom Premier: 2
    5 Bedroom: 15
  ℹ️  No count change (17 units). Date refreshed.
━━━ BelgraviaAce ━━━
  Available: 23 units (1 types)
    Semi-Detached: 23
  ℹ️  No count change (23 units). Date refreshed.

=== Uploading to FTP ===
  bagnallhous: ✅ uploaded
  TheOrie: ✅ uploaded
  upperhouse: ✅ uploaded
  promenadepeak: ✅ uploaded
  zyongrand: ✅ uploaded
  rivergreen: ✅ uploaded
  newportresidences: ✅ uploaded
  sophiameadow: ✅ uploaded
  elta: ✅ uploaded
  dunearnhouse: ✅ uploaded
  arcady: ✅ uploaded
  hudsonplace: ✅ uploaded
  lentor-gardens: ✅ uploaded
  OneMarinaGardens: ✅ uploaded
  unionsquare: ✅ uploaded
  narraresidences: ✅ uploaded
  velabay: ✅ uploaded
  thesen: ✅ uploaded
  thecontinuum: ✅ uploaded
  BelgraviaAce: ✅ uploaded

✅ State saved.
  Telegram notify: HTTP 200

=== Balance Units Auto-Update ===
Time: 12/08/2026, 9:00:02 am

━━━ bagnallhous ━━━
  Available: 9 units (4 types)
    1BR + Flexi: 2
    4 Bedroom: 4
    4BR + Flexi: 1
    5 Bedroom: 2
  ℹ️  No count change (9 units). Date refreshed.
━━━ TheOrie ━━━
  Available: 35 units (2 types)
    1 Bedroom + Study: 28
    3 Bedroom Dual Key: 7
  ℹ️  No count change (35 units). Date refreshed.
━━━ upperhouse ━━━
  Available: 54 units (3 types)
    1 Bedroom + Study: 26
    2 Bedroom Premium: 18
    4 Bedroom Suite (Private Lift): 10
  ℹ️  No count change (54 units). Date refreshed.
━━━ promenadepeak ━━━
  Available: 159 units (7 types)
    1 Bedroom + Study: 37
    2 Bedroom: 18
    2 Bedroom + Study: 63
    3 Bedroom: 3
    3 Bedroom Premium (Private Lift): 5
    4 Bedroom Premium (Private Lift): 18
    5 Bedroom Premium (Private Lift): 15
  ℹ️  No count change (159 units). Date refreshed.
━━━ zyongrand ━━━
  Available: 70 units (6 types)
    1 Bedroom + Study: 27
    2 Bedroom Premium + Study: 9
    3 Bedroom: 4
    4 Bedroom Supreme + Study: 11
    5 Bedroom Supreme: 18
    Penthouse (5BR + Private Lift): 1
  ℹ️  No count change (70 units). Date refreshed.
━━━ rivergreen ━━━
  Available: 28 units (5 types)
    1 Bedroom: 14
    1 Bedroom + Study: 2
    2 Bedroom (Premium): 8
    2 Bedroom + Study: 2
    3 Bedroom: 2
  ℹ️  No count change (28 units). Date refreshed.
━━━ newportresidences ━━━
  Available: 43 units (6 types)
    1 Bedroom: 10
    1 Bedroom + Study: 9
    3 Bedroom: 2
    3 Bedroom Premium: 4
    4 Bedroom Premium: 17
    Super Penthouse: 1
  ℹ️  No count change (43 units). Date refreshed.
━━━ sophiameadow ━━━
  Available: 41 units (4 types)
    1 Bedroom: 10
    1 Bedroom + Study: 4
    2 Bedroom: 17
    3 Bedroom: 10
  ℹ️  No count change (41 units). Date refreshed.
━━━ elta ━━━
  Available: 85 units (7 types)
    1 Bedroom + Study: 4
    3 Bedroom: 2
    4 Bedroom: 7
    4 Bedroom + Study: 22
    4 Bedroom Dual Key: 20
    4 Bedroom Premium: 6
    5 Bedroom: 24
  ℹ️  No count change (85 units). Date refreshed.
━━━ dunearnhouse ━━━
  Available: 152 units (8 types)
    2 Bedroom: 23
    2 Bedroom + Study: 8
    2 Bedroom Premium: 43
    3 Bedroom + Study: 1
    3 Bedroom Premium: 12
    4 Bedroom: 4
    4 Bedroom Premium: 30
    4 Bedroom Premium + Study: 31
  ✅ Table updated → 152 units
━━━ arcady ━━━
  Available: 63 units (6 types)
    1 Bedroom + Study: 1
    2 Bedroom: 2
    2 Bedroom + Study: 26
    3 Bedroom Premium: 19
    3 Bedroom Premium + Study: 13
    Penthouse: 2
  ℹ️  No count change (63 units). Date refreshed.
━━━ hudsonplace ━━━
  Available: 87 units (8 types)
    2 Bedroom Premium: 19
    2 Bedroom Premium + Study: 9
    3 Bedroom Premium: 14
    3 Bedroom Premium + Study: 4
    4 Bedroom Suite + Flexi: 37
    5BR + Entertainment Room + Flexi: 1
    5BR + Study: 1
    6BR + Entertainment Room + Private Lift: 2
  ℹ️  No count change (87 units). Date refreshed.
━━━ lentor-gardens ━━━
  Available: 216 units (8 types)
    2 Bedroom + Study: 104
    2 Bedroom Premium: 34
    2 Bedroom Premium (HS): 1
    3 Bedroom Premium: 13
    3 Bedroom Premium + Study: 10
    4 Bedroom Compact: 16
    4 Bedroom Premium: 35
    Strata Terrace House: 3
  ℹ️  No count change (216 units). Date refreshed.
━━━ OneMarinaGardens ━━━
  Available: 272 units (5 types)
    2 Bedroom: 151
    3 Bedroom: 47
    3 Bedroom (Dual Key): 13
    3 Bedroom Premium: 52
    4 Bedroom Premium: 9
  ℹ️  No count change (272 units). Date refreshed.
━━━ unionsquare ━━━
  Available: 148 units (6 types)
    1 Bedroom: 21
    1 Bedroom + Study: 34
    2 Bedroom: 55
    2 Bedroom + Study: 10
    4 Bedroom Premium: 27
    Sky Suite: 1
  ℹ️  No count change (148 units). Date refreshed.
━━━ narraresidences ━━━
  Available: 326 units (11 types)
    2 Bedroom Compact: 8
    2 Bedroom Premium: 20
    2 Bedroom + Helper's Room: 43
    2 Bedroom + Helper's Room & Study: 3
    2 Bedroom + Study: 77
    3 Bedroom Flexi: 5
    3 Bedroom Premium: 70
    3 Bedroom + Study: 20
    4 Bedroom Compact: 29
    4 Bedroom Premium: 25
    5 Bedroom + Private Lift: 26
  ℹ️  No count change (326 units). Date refreshed.
━━━ velabay ━━━
  Available: 132 units (9 types)
    1 Bedroom + Study: 6
    2 Bedroom: 4
    2 Bedroom Premium: 8
    3 Bedroom: 8
    3 Bedroom Premium: 34
    4 Bedroom: 34
    4 Bedroom (Private Lift): 17
    5 Bedroom (Private Lift): 20
    Penthouse 2: 1
  ℹ️  No count change (132 units). Date refreshed.
━━━ thesen ━━━
  Available: 199 units (5 types)
    2 Bedroom: 51
    2 Bedroom + Study: 48
    3 Bedroom: 30
    3 Bedroom + Study: 36
    4 Bedroom + Study: 34
  ℹ️  No count change (199 units). Date refreshed.
━━━ thecontinuum ━━━
  Available: 17 units (2 types)
    4 Bedroom Premier: 2
    5 Bedroom: 15
  ℹ️  No count change (17 units). Date refreshed.
━━━ BelgraviaAce ━━━
  Available: 23 units (1 types)
    Semi-Detached: 23
  ℹ️  No count change (23 units). Date refreshed.

=== Uploading to FTP ===
  bagnallhous: ✅ uploaded
  TheOrie: ✅ uploaded
  upperhouse: ✅ uploaded
  promenadepeak: ✅ uploaded
  zyongrand: ✅ uploaded
  rivergreen: ✅ uploaded
  newportresidences: ✅ uploaded
  sophiameadow: ✅ uploaded
  elta: ✅ uploaded
  dunearnhouse: ✅ uploaded
  arcady: ✅ uploaded
  hudsonplace: ✅ uploaded
  lentor-gardens: ✅ uploaded
  OneMarinaGardens: ✅ uploaded
  unionsquare: ✅ uploaded
  narraresidences: ✅ uploaded
  velabay: ✅ uploaded
  thesen: ✅ uploaded
  thecontinuum: ✅ uploaded
  BelgraviaAce: ✅ uploaded

✅ State saved.
  Telegram notify: HTTP 200

=== Balance Units Auto-Update ===
Time: 13/08/2026, 9:00:03 am

━━━ bagnallhous ━━━
  Available: 9 units (4 types)
    1BR + Flexi: 2
    4 Bedroom: 4
    4BR + Flexi: 1
    5 Bedroom: 2
  ℹ️  No count change (9 units). Date refreshed.
━━━ TheOrie ━━━
  Available: 35 units (2 types)
    1 Bedroom + Study: 28
    3 Bedroom Dual Key: 7
  ℹ️  No count change (35 units). Date refreshed.
━━━ upperhouse ━━━
  Available: 54 units (3 types)
    1 Bedroom + Study: 26
    2 Bedroom Premium: 18
    4 Bedroom Suite (Private Lift): 10
  ℹ️  No count change (54 units). Date refreshed.
━━━ promenadepeak ━━━
  Available: 159 units (7 types)
    1 Bedroom + Study: 37
    2 Bedroom: 18
    2 Bedroom + Study: 63
    3 Bedroom: 3
    3 Bedroom Premium (Private Lift): 5
    4 Bedroom Premium (Private Lift): 18
    5 Bedroom Premium (Private Lift): 15
  ℹ️  No count change (159 units). Date refreshed.
━━━ zyongrand ━━━
  Available: 70 units (6 types)
    1 Bedroom + Study: 27
    2 Bedroom Premium + Study: 9
    3 Bedroom: 4
    4 Bedroom Supreme + Study: 11
    5 Bedroom Supreme: 18
    Penthouse (5BR + Private Lift): 1
  ℹ️  No count change (70 units). Date refreshed.
━━━ rivergreen ━━━
  Available: 28 units (5 types)
    1 Bedroom: 14
    1 Bedroom + Study: 2
    2 Bedroom (Premium): 8
    2 Bedroom + Study: 2
    3 Bedroom: 2
  ℹ️  No count change (28 units). Date refreshed.
━━━ newportresidences ━━━
  Available: 43 units (6 types)
    1 Bedroom: 10
    1 Bedroom + Study: 9
    3 Bedroom: 2
    3 Bedroom Premium: 4
    4 Bedroom Premium: 17
    Super Penthouse: 1
  ℹ️  No count change (43 units). Date refreshed.
━━━ sophiameadow ━━━
  Available: 41 units (4 types)
    1 Bedroom: 10
    1 Bedroom + Study: 4
    2 Bedroom: 17
    3 Bedroom: 10
  ℹ️  No count change (41 units). Date refreshed.
━━━ elta ━━━
  Available: 85 units (7 types)
    1 Bedroom + Study: 4
    3 Bedroom: 2
    4 Bedroom: 7
    4 Bedroom + Study: 22
    4 Bedroom Dual Key: 20
    4 Bedroom Premium: 6
    5 Bedroom: 24
  ℹ️  No count change (85 units). Date refreshed.
━━━ dunearnhouse ━━━
  Available: 152 units (8 types)
    2 Bedroom: 23
    2 Bedroom + Study: 8
    2 Bedroom Premium: 43
    3 Bedroom + Study: 1
    3 Bedroom Premium: 12
    4 Bedroom: 4
    4 Bedroom Premium: 30
    4 Bedroom Premium + Study: 31
  ✅ Table updated → 152 units
━━━ arcady ━━━
  Available: 63 units (6 types)
    1 Bedroom + Study: 1
    2 Bedroom: 2
    2 Bedroom + Study: 26
    3 Bedroom Premium: 19
    3 Bedroom Premium + Study: 13
    Penthouse: 2
  ℹ️  No count change (63 units). Date refreshed.
━━━ hudsonplace ━━━
  Available: 87 units (8 types)
    2 Bedroom Premium: 19
    2 Bedroom Premium + Study: 9
    3 Bedroom Premium: 14
    3 Bedroom Premium + Study: 4
    4 Bedroom Suite + Flexi: 37
    5BR + Entertainment Room + Flexi: 1
    5BR + Study: 1
    6BR + Entertainment Room + Private Lift: 2
  ℹ️  No count change (87 units). Date refreshed.
━━━ lentor-gardens ━━━
  Available: 216 units (8 types)
    2 Bedroom + Study: 104
    2 Bedroom Premium: 34
    2 Bedroom Premium (HS): 1
    3 Bedroom Premium: 13
    3 Bedroom Premium + Study: 10
    4 Bedroom Compact: 16
    4 Bedroom Premium: 35
    Strata Terrace House: 3
  ℹ️  No count change (216 units). Date refreshed.
━━━ OneMarinaGardens ━━━
  Available: 272 units (5 types)
    2 Bedroom: 151
    3 Bedroom: 47
    3 Bedroom (Dual Key): 13
    3 Bedroom Premium: 52
    4 Bedroom Premium: 9
  ℹ️  No count change (272 units). Date refreshed.
━━━ unionsquare ━━━
  Available: 148 units (6 types)
    1 Bedroom: 21
    1 Bedroom + Study: 34
    2 Bedroom: 55
    2 Bedroom + Study: 10
    4 Bedroom Premium: 27
    Sky Suite: 1
  ℹ️  No count change (148 units). Date refreshed.
━━━ narraresidences ━━━
  Available: 326 units (11 types)
    2 Bedroom Compact: 8
    2 Bedroom Premium: 20
    2 Bedroom + Helper's Room: 43
    2 Bedroom + Helper's Room & Study: 3
    2 Bedroom + Study: 77
    3 Bedroom Flexi: 5
    3 Bedroom Premium: 70
    3 Bedroom + Study: 20
    4 Bedroom Compact: 29
    4 Bedroom Premium: 25
    5 Bedroom + Private Lift: 26
  ℹ️  No count change (326 units). Date refreshed.
━━━ velabay ━━━
  Available: 132 units (9 types)
    1 Bedroom + Study: 6
    2 Bedroom: 4
    2 Bedroom Premium: 8
    3 Bedroom: 8
    3 Bedroom Premium: 34
    4 Bedroom: 34
    4 Bedroom (Private Lift): 17
    5 Bedroom (Private Lift): 20
    Penthouse 2: 1
  ℹ️  No count change (132 units). Date refreshed.
━━━ thesen ━━━
  Available: 197 units (5 types)
    2 Bedroom: 51
    2 Bedroom + Study: 48
    3 Bedroom: 28
    3 Bedroom + Study: 36
    4 Bedroom + Study: 34
  ✅ Table updated → 197 units
━━━ thecontinuum ━━━
  Available: 16 units (2 types)
    4 Bedroom Premier: 2
    5 Bedroom: 14
  ✅ Table updated → 16 units
━━━ BelgraviaAce ━━━
  Available: 23 units (1 types)
    Semi-Detached: 23
  ℹ️  No count change (23 units). Date refreshed.

=== Uploading to FTP ===
  bagnallhous: ✅ uploaded
  TheOrie: ✅ uploaded
  upperhouse: ✅ uploaded
  promenadepeak: ✅ uploaded
  zyongrand: ✅ uploaded
  rivergreen: ✅ uploaded
  newportresidences: ✅ uploaded
  sophiameadow: ✅ uploaded
  elta: ✅ uploaded
  dunearnhouse: ✅ uploaded
  arcady: ✅ uploaded
  hudsonplace: ✅ uploaded
  lentor-gardens: ✅ uploaded
  OneMarinaGardens: ✅ uploaded
  unionsquare: ✅ uploaded
  narraresidences: ✅ uploaded
  velabay: ✅ uploaded
  thesen: ✅ uploaded
  thecontinuum: ✅ uploaded
  BelgraviaAce: ✅ uploaded

✅ State saved.
  Telegram notify: HTTP 200

=== Balance Units Auto-Update ===
Time: 14/08/2026, 9:00:02 am

━━━ bagnallhous ━━━
  Available: 9 units (4 types)
    1BR + Flexi: 2
    4 Bedroom: 4
    4BR + Flexi: 1
    5 Bedroom: 2
  ℹ️  No count change (9 units). Date refreshed.
━━━ TheOrie ━━━
  Available: 35 units (2 types)
    1 Bedroom + Study: 28
    3 Bedroom Dual Key: 7
  ℹ️  No count change (35 units). Date refreshed.
━━━ upperhouse ━━━
  Available: 54 units (3 types)
    1 Bedroom + Study: 26
    2 Bedroom Premium: 18
    4 Bedroom Suite (Private Lift): 10
  ℹ️  No count change (54 units). Date refreshed.
━━━ promenadepeak ━━━
  Available: 159 units (7 types)
    1 Bedroom + Study: 37
    2 Bedroom: 18
    2 Bedroom + Study: 63
    3 Bedroom: 3
    3 Bedroom Premium (Private Lift): 5
    4 Bedroom Premium (Private Lift): 18
    5 Bedroom Premium (Private Lift): 15
  ℹ️  No count change (159 units). Date refreshed.
━━━ zyongrand ━━━
  Available: 70 units (6 types)
    1 Bedroom + Study: 27
    2 Bedroom Premium + Study: 9
    3 Bedroom: 4
    4 Bedroom Supreme + Study: 11
    5 Bedroom Supreme: 18
    Penthouse (5BR + Private Lift): 1
  ℹ️  No count change (70 units). Date refreshed.
━━━ rivergreen ━━━
  Available: 28 units (5 types)
    1 Bedroom: 14
    1 Bedroom + Study: 2
    2 Bedroom (Premium): 8
    2 Bedroom + Study: 2
    3 Bedroom: 2
  ℹ️  No count change (28 units). Date refreshed.
━━━ newportresidences ━━━
  Available: 43 units (6 types)
    1 Bedroom: 10
    1 Bedroom + Study: 9
    3 Bedroom: 2
    3 Bedroom Premium: 4
    4 Bedroom Premium: 17
    Super Penthouse: 1
  ℹ️  No count change (43 units). Date refreshed.
━━━ sophiameadow ━━━
  Available: 41 units (4 types)
    1 Bedroom: 10
    1 Bedroom + Study: 4
    2 Bedroom: 17
    3 Bedroom: 10
  ℹ️  No count change (41 units). Date refreshed.
━━━ elta ━━━
  Available: 85 units (7 types)
    1 Bedroom + Study: 4
    3 Bedroom: 2
    4 Bedroom: 7
    4 Bedroom + Study: 22
    4 Bedroom Dual Key: 20
    4 Bedroom Premium: 6
    5 Bedroom: 24
  ℹ️  No count change (85 units). Date refreshed.
━━━ dunearnhouse ━━━
  Available: 152 units (8 types)
    2 Bedroom: 23
    2 Bedroom + Study: 8
    2 Bedroom Premium: 43
    3 Bedroom + Study: 1
    3 Bedroom Premium: 12
    4 Bedroom: 4
    4 Bedroom Premium: 30
    4 Bedroom Premium + Study: 31
  ℹ️  No count change (152 units). Date refreshed.
━━━ arcady ━━━
  Available: 63 units (6 types)
    1 Bedroom + Study: 1
    2 Bedroom: 2
    2 Bedroom + Study: 26
    3 Bedroom Premium: 19
    3 Bedroom Premium + Study: 13
    Penthouse: 2
  ℹ️  No count change (63 units). Date refreshed.
━━━ hudsonplace ━━━
  Available: 86 units (8 types)
    2 Bedroom Premium: 18
    2 Bedroom Premium + Study: 9
    3 Bedroom Premium: 14
    3 Bedroom Premium + Study: 4
    4 Bedroom Suite + Flexi: 37
    5BR + Entertainment Room + Flexi: 1
    5BR + Study: 1
    6BR + Entertainment Room + Private Lift: 2
  ✅ Table updated → 86 units
━━━ lentor-gardens ━━━
  Available: 216 units (8 types)
    2 Bedroom + Study: 104
    2 Bedroom Premium: 34
    2 Bedroom Premium (HS): 1
    3 Bedroom Premium: 13
    3 Bedroom Premium + Study: 10
    4 Bedroom Compact: 16
    4 Bedroom Premium: 35
    Strata Terrace House: 3
  ℹ️  No count change (216 units). Date refreshed.
━━━ OneMarinaGardens ━━━
  Available: 272 units (5 types)
    2 Bedroom: 151
    3 Bedroom: 47
    3 Bedroom (Dual Key): 13
    3 Bedroom Premium: 52
    4 Bedroom Premium: 9
  ℹ️  No count change (272 units). Date refreshed.
━━━ unionsquare ━━━
  Available: 148 units (6 types)
    1 Bedroom: 21
    1 Bedroom + Study: 34
    2 Bedroom: 55
    2 Bedroom + Study: 10
    4 Bedroom Premium: 27
    Sky Suite: 1
  ℹ️  No count change (148 units). Date refreshed.
━━━ narraresidences ━━━
  Available: 325 units (11 types)
    2 Bedroom Compact: 7
    2 Bedroom Premium: 20
    2 Bedroom + Helper's Room: 43
    2 Bedroom + Helper's Room & Study: 3
    2 Bedroom + Study: 77
    3 Bedroom Flexi: 5
    3 Bedroom Premium: 70
    3 Bedroom + Study: 20
    4 Bedroom Compact: 29
    4 Bedroom Premium: 25
    5 Bedroom + Private Lift: 26
  ✅ Table updated → 325 units
━━━ velabay ━━━
  Available: 132 units (9 types)
    1 Bedroom + Study: 6
    2 Bedroom: 4
    2 Bedroom Premium: 8
    3 Bedroom: 8
    3 Bedroom Premium: 34
    4 Bedroom: 34
    4 Bedroom (Private Lift): 17
    5 Bedroom (Private Lift): 20
    Penthouse 2: 1
  ℹ️  No count change (132 units). Date refreshed.
━━━ thesen ━━━
  Available: 197 units (5 types)
    2 Bedroom: 51
    2 Bedroom + Study: 48
    3 Bedroom: 28
    3 Bedroom + Study: 36
    4 Bedroom + Study: 34
  ℹ️  No count change (197 units). Date refreshed.
━━━ thecontinuum ━━━
  Available: 16 units (2 types)
    4 Bedroom Premier: 2
    5 Bedroom: 14
  ℹ️  No count change (16 units). Date refreshed.
━━━ BelgraviaAce ━━━
  Available: 23 units (1 types)
    Semi-Detached: 23
  ℹ️  No count change (23 units). Date refreshed.

=== Uploading to FTP ===
  bagnallhous: ✅ uploaded
  TheOrie: ✅ uploaded
  upperhouse: ✅ uploaded
  promenadepeak: ✅ uploaded
  zyongrand: ✅ uploaded
  rivergreen: ✅ uploaded
  newportresidences: ✅ uploaded
  sophiameadow: ✅ uploaded
  elta: ✅ uploaded
  dunearnhouse: ✅ uploaded
  arcady: ✅ uploaded
  hudsonplace: ✅ uploaded
  lentor-gardens: ✅ uploaded
  OneMarinaGardens: ✅ uploaded
  unionsquare: ✅ uploaded
  narraresidences: ✅ uploaded
  velabay: ✅ uploaded
  thesen: ✅ uploaded
  thecontinuum: ✅ uploaded
  BelgraviaAce: ✅ uploaded

✅ State saved.
  Telegram notify: HTTP 200

=== Balance Units Auto-Update ===
Time: 15/08/2026, 9:00:01 am

━━━ bagnallhous ━━━
  Available: 9 units (4 types)
    1BR + Flexi: 2
    4 Bedroom: 4
    4BR + Flexi: 1
    5 Bedroom: 2
  ℹ️  No count change (9 units). Date refreshed.
━━━ TheOrie ━━━
  Available: 35 units (2 types)
    1 Bedroom + Study: 28
    3 Bedroom Dual Key: 7
  ℹ️  No count change (35 units). Date refreshed.
━━━ upperhouse ━━━
  Available: 54 units (3 types)
    1 Bedroom + Study: 26
    2 Bedroom Premium: 18
    4 Bedroom Suite (Private Lift): 10
  ℹ️  No count change (54 units). Date refreshed.
━━━ promenadepeak ━━━
  Available: 159 units (7 types)
    1 Bedroom + Study: 37
    2 Bedroom: 18
    2 Bedroom + Study: 63
    3 Bedroom: 3
    3 Bedroom Premium (Private Lift): 5
    4 Bedroom Premium (Private Lift): 18
    5 Bedroom Premium (Private Lift): 15
  ℹ️  No count change (159 units). Date refreshed.
━━━ zyongrand ━━━
  Available: 70 units (6 types)
    1 Bedroom + Study: 27
    2 Bedroom Premium + Study: 9
    3 Bedroom: 4
    4 Bedroom Supreme + Study: 11
    5 Bedroom Supreme: 18
    Penthouse (5BR + Private Lift): 1
  ℹ️  No count change (70 units). Date refreshed.
━━━ rivergreen ━━━
  Available: 28 units (5 types)
    1 Bedroom: 14
    1 Bedroom + Study: 2
    2 Bedroom (Premium): 8
    2 Bedroom + Study: 2
    3 Bedroom: 2
  ℹ️  No count change (28 units). Date refreshed.
━━━ newportresidences ━━━
  Available: 43 units (6 types)
    1 Bedroom: 10
    1 Bedroom + Study: 9
    3 Bedroom: 2
    3 Bedroom Premium: 4
    4 Bedroom Premium: 17
    Super Penthouse: 1
  ℹ️  No count change (43 units). Date refreshed.
━━━ sophiameadow ━━━
  Available: 41 units (4 types)
    1 Bedroom: 10
    1 Bedroom + Study: 4
    2 Bedroom: 17
    3 Bedroom: 10
  ℹ️  No count change (41 units). Date refreshed.
━━━ elta ━━━
  Available: 85 units (7 types)
    1 Bedroom + Study: 4
    3 Bedroom: 2
    4 Bedroom: 7
    4 Bedroom + Study: 22
    4 Bedroom Dual Key: 20
    4 Bedroom Premium: 6
    5 Bedroom: 24
  ℹ️  No count change (85 units). Date refreshed.
━━━ dunearnhouse ━━━
  Available: 151 units (8 types)
    2 Bedroom: 22
    2 Bedroom + Study: 8
    2 Bedroom Premium: 43
    3 Bedroom + Study: 1
    3 Bedroom Premium: 12
    4 Bedroom: 4
    4 Bedroom Premium: 30
    4 Bedroom Premium + Study: 31
  ✅ Table updated → 151 units
━━━ arcady ━━━
  Available: 63 units (6 types)
    1 Bedroom + Study: 1
    2 Bedroom: 2
    2 Bedroom + Study: 26
    3 Bedroom Premium: 19
    3 Bedroom Premium + Study: 13
    Penthouse: 2
  ℹ️  No count change (63 units). Date refreshed.
━━━ hudsonplace ━━━
  Available: 86 units (8 types)
    2 Bedroom Premium: 18
    2 Bedroom Premium + Study: 9
    3 Bedroom Premium: 14
    3 Bedroom Premium + Study: 4
    4 Bedroom Suite + Flexi: 37
    5BR + Entertainment Room + Flexi: 1
    5BR + Study: 1
    6BR + Entertainment Room + Private Lift: 2
  ℹ️  No count change (86 units). Date refreshed.
━━━ lentor-gardens ━━━
  Available: 216 units (8 types)
    2 Bedroom + Study: 104
    2 Bedroom Premium: 34
    2 Bedroom Premium (HS): 1
    3 Bedroom Premium: 13
    3 Bedroom Premium + Study: 10
    4 Bedroom Compact: 16
    4 Bedroom Premium: 35
    Strata Terrace House: 3
  ℹ️  No count change (216 units). Date refreshed.
━━━ OneMarinaGardens ━━━
  Available: 272 units (5 types)
    2 Bedroom: 151
    3 Bedroom: 47
    3 Bedroom (Dual Key): 13
    3 Bedroom Premium: 52
    4 Bedroom Premium: 9
  ℹ️  No count change (272 units). Date refreshed.
━━━ unionsquare ━━━
  Available: 147 units (6 types)
    1 Bedroom: 21
    1 Bedroom + Study: 34
    2 Bedroom: 54
    2 Bedroom + Study: 10
    4 Bedroom Premium: 27
    Sky Suite: 1
  ✅ Table updated → 147 units
━━━ narraresidences ━━━
  Available: 325 units (11 types)
    2 Bedroom Compact: 7
    2 Bedroom Premium: 20
    2 Bedroom + Helper's Room: 43
    2 Bedroom + Helper's Room & Study: 3
    2 Bedroom + Study: 77
    3 Bedroom Flexi: 5
    3 Bedroom Premium: 70
    3 Bedroom + Study: 20
    4 Bedroom Compact: 29
    4 Bedroom Premium: 25
    5 Bedroom + Private Lift: 26
  ℹ️  No count change (325 units). Date refreshed.
━━━ velabay ━━━
  Available: 132 units (9 types)
    1 Bedroom + Study: 6
    2 Bedroom: 4
    2 Bedroom Premium: 8
    3 Bedroom: 8
    3 Bedroom Premium: 34
    4 Bedroom: 34
    4 Bedroom (Private Lift): 17
    5 Bedroom (Private Lift): 20
    Penthouse 2: 1
  ℹ️  No count change (132 units). Date refreshed.
━━━ thesen ━━━
  Available: 197 units (5 types)
    2 Bedroom: 51
    2 Bedroom + Study: 48
    3 Bedroom: 28
    3 Bedroom + Study: 36
    4 Bedroom + Study: 34
  ℹ️  No count change (197 units). Date refreshed.
━━━ thecontinuum ━━━
  Available: 16 units (2 types)
    4 Bedroom Premier: 2
    5 Bedroom: 14
  ℹ️  No count change (16 units). Date refreshed.
━━━ BelgraviaAce ━━━
  Available: 23 units (1 types)
    Semi-Detached: 23
  ℹ️  No count change (23 units). Date refreshed.
━━━ TheHillshore ━━━
  Available: 47 units (9 types)
    2 Bedroom: 6
    2 Bedroom Penthouse: 2
    2 Bedroom Premium: 7
    2 Bedroom Premium Penthouse: 2
    3 Bedroom: 18
    3 Bedroom Premium: 3
    3 Bedroom Premium Penthouse: 1
    4 Bedroom (Dual Key): 3
    4 Bedroom Penthouse: 5
  ℹ️  No count change (47 units). Date refreshed.

=== Uploading to FTP ===
  bagnallhous: ✅ uploaded
  TheOrie: ✅ uploaded
  upperhouse: ✅ uploaded
  promenadepeak: ✅ uploaded
  zyongrand: ✅ uploaded
  rivergreen: ✅ uploaded
  newportresidences: ✅ uploaded
  sophiameadow: ✅ uploaded
  elta: ✅ uploaded
  dunearnhouse: ✅ uploaded
  arcady: ✅ uploaded
  hudsonplace: ✅ uploaded
  lentor-gardens: ✅ uploaded
  OneMarinaGardens: ✅ uploaded
  unionsquare: ✅ uploaded
  narraresidences: ✅ uploaded
  velabay: ✅ uploaded
  thesen: ✅ uploaded
  thecontinuum: ✅ uploaded
  BelgraviaAce: ✅ uploaded
  TheHillshore: ✅ uploaded

✅ State saved.
  Telegram notify: HTTP 200

=== Balance Units Auto-Update ===
Time: 16/08/2026, 9:00:01 am

━━━ bagnallhous ━━━
  Available: 9 units (4 types)
    1BR + Flexi: 2
    4 Bedroom: 4
    4BR + Flexi: 1
    5 Bedroom: 2
  ℹ️  No count change (9 units). Date refreshed.
━━━ TheOrie ━━━
  Available: 35 units (2 types)
    1 Bedroom + Study: 28
    3 Bedroom Dual Key: 7
  ℹ️  No count change (35 units). Date refreshed.
━━━ upperhouse ━━━
  Available: 54 units (3 types)
    1 Bedroom + Study: 26
    2 Bedroom Premium: 18
    4 Bedroom Suite (Private Lift): 10
  ℹ️  No count change (54 units). Date refreshed.
━━━ promenadepeak ━━━
  Available: 159 units (7 types)
    1 Bedroom + Study: 37
    2 Bedroom: 18
    2 Bedroom + Study: 63
    3 Bedroom: 3
    3 Bedroom Premium (Private Lift): 5
    4 Bedroom Premium (Private Lift): 18
    5 Bedroom Premium (Private Lift): 15
  ℹ️  No count change (159 units). Date refreshed.
━━━ zyongrand ━━━
  Available: 70 units (6 types)
    1 Bedroom + Study: 27
    2 Bedroom Premium + Study: 9
    3 Bedroom: 4
    4 Bedroom Supreme + Study: 11
    5 Bedroom Supreme: 18
    Penthouse (5BR + Private Lift): 1
  ℹ️  No count change (70 units). Date refreshed.
━━━ rivergreen ━━━
  Available: 28 units (5 types)
    1 Bedroom: 14
    1 Bedroom + Study: 2
    2 Bedroom (Premium): 8
    2 Bedroom + Study: 2
    3 Bedroom: 2
  ℹ️  No count change (28 units). Date refreshed.
━━━ newportresidences ━━━
  Available: 43 units (6 types)
    1 Bedroom: 10
    1 Bedroom + Study: 9
    3 Bedroom: 2
    3 Bedroom Premium: 4
    4 Bedroom Premium: 17
    Super Penthouse: 1
  ℹ️  No count change (43 units). Date refreshed.
━━━ sophiameadow ━━━
  Available: 41 units (4 types)
    1 Bedroom: 10
    1 Bedroom + Study: 4
    2 Bedroom: 17
    3 Bedroom: 10
  ℹ️  No count change (41 units). Date refreshed.
━━━ elta ━━━
  Available: 84 units (7 types)
    1 Bedroom + Study: 4
    3 Bedroom: 2
    4 Bedroom: 7
    4 Bedroom + Study: 21
    4 Bedroom Dual Key: 20
    4 Bedroom Premium: 6
    5 Bedroom: 24
  ✅ Table updated → 84 units
━━━ dunearnhouse ━━━
  Available: 150 units (8 types)
    2 Bedroom: 22
    2 Bedroom + Study: 8
    2 Bedroom Premium: 43
    3 Bedroom + Study: 1
    3 Bedroom Premium: 12
    4 Bedroom: 3
    4 Bedroom Premium: 30
    4 Bedroom Premium + Study: 31
  ✅ Table updated → 150 units
━━━ arcady ━━━
  Available: 63 units (6 types)
    1 Bedroom + Study: 1
    2 Bedroom: 2
    2 Bedroom + Study: 26
    3 Bedroom Premium: 19
    3 Bedroom Premium + Study: 13
    Penthouse: 2
  ℹ️  No count change (63 units). Date refreshed.
━━━ hudsonplace ━━━
  Available: 86 units (8 types)
    2 Bedroom Premium: 18
    2 Bedroom Premium + Study: 9
    3 Bedroom Premium: 14
    3 Bedroom Premium + Study: 4
    4 Bedroom Suite + Flexi: 37
    5BR + Entertainment Room + Flexi: 1
    5BR + Study: 1
    6BR + Entertainment Room + Private Lift: 2
  ℹ️  No count change (86 units). Date refreshed.
━━━ lentor-gardens ━━━
  Available: 215 units (8 types)
    2 Bedroom + Study: 103
    2 Bedroom Premium: 34
    2 Bedroom Premium (HS): 1
    3 Bedroom Premium: 13
    3 Bedroom Premium + Study: 10
    4 Bedroom Compact: 16
    4 Bedroom Premium: 35
    Strata Terrace House: 3
  ✅ Table updated → 215 units
━━━ OneMarinaGardens ━━━
  Available: 272 units (5 types)
    2 Bedroom: 151
    3 Bedroom: 47
    3 Bedroom (Dual Key): 13
    3 Bedroom Premium: 52
    4 Bedroom Premium: 9
  ℹ️  No count change (272 units). Date refreshed.
━━━ unionsquare ━━━
  Available: 147 units (6 types)
    1 Bedroom: 21
    1 Bedroom + Study: 34
    2 Bedroom: 54
    2 Bedroom + Study: 10
    4 Bedroom Premium: 27
    Sky Suite: 1
  ℹ️  No count change (147 units). Date refreshed.
━━━ narraresidences ━━━
  Available: 325 units (11 types)
    2 Bedroom Compact: 7
    2 Bedroom Premium: 20
    2 Bedroom + Helper's Room: 43
    2 Bedroom + Helper's Room & Study: 3
    2 Bedroom + Study: 77
    3 Bedroom Flexi: 5
    3 Bedroom Premium: 70
    3 Bedroom + Study: 20
    4 Bedroom Compact: 29
    4 Bedroom Premium: 25
    5 Bedroom + Private Lift: 26
  ℹ️  No count change (325 units). Date refreshed.
━━━ velabay ━━━
  Available: 132 units (9 types)
    1 Bedroom + Study: 6
    2 Bedroom: 4
    2 Bedroom Premium: 8
    3 Bedroom: 8
    3 Bedroom Premium: 34
    4 Bedroom: 34
    4 Bedroom (Private Lift): 17
    5 Bedroom (Private Lift): 20
    Penthouse 2: 1
  ℹ️  No count change (132 units). Date refreshed.
━━━ thesen ━━━
  Available: 197 units (5 types)
    2 Bedroom: 51
    2 Bedroom + Study: 48
    3 Bedroom: 28
    3 Bedroom + Study: 36
    4 Bedroom + Study: 34
  ℹ️  No count change (197 units). Date refreshed.
━━━ thecontinuum ━━━
  Available: 16 units (2 types)
    4 Bedroom Premier: 2
    5 Bedroom: 14
  ℹ️  No count change (16 units). Date refreshed.
━━━ BelgraviaAce ━━━
  Available: 23 units (1 types)
    Semi-Detached: 23
  ℹ️  No count change (23 units). Date refreshed.
━━━ TheHillshore ━━━
  Available: 47 units (9 types)
    2 Bedroom: 6
    2 Bedroom Penthouse: 2
    2 Bedroom Premium: 7
    2 Bedroom Premium Penthouse: 2
    3 Bedroom: 18
    3 Bedroom Premium: 3
    3 Bedroom Premium Penthouse: 1
    4 Bedroom (Dual Key): 3
    4 Bedroom Penthouse: 5
  ℹ️  No count change (47 units). Date refreshed.
━━━ thecolletive ━━━
  Available: 268 units (10 types)
    1 Bedroom + Study: 31
    1 Bedroom Premium: 7
    1 Bedroom Suite: 56
    2 Bedroom Deluxe: 20
    2 Bedroom Deluxe + Study: 34
    2 Bedroom Premium: 61
    2 Bedroom Premium + Study: 17
    3 Bedroom Luxury: 17
    3 Bedroom Premium: 15
    Studio: 10
  ✅ price/index.html table + date updated
  ℹ️  No count change (268 units). Date refreshed.

=== Uploading to FTP ===
  bagnallhous: ✅ uploaded
  TheOrie: ✅ uploaded
  upperhouse: ✅ uploaded
  promenadepeak: ✅ uploaded
  zyongrand: ✅ uploaded
  rivergreen: ✅ uploaded
  newportresidences: ✅ uploaded
  sophiameadow: ✅ uploaded
  elta: ✅ uploaded
  dunearnhouse: ✅ uploaded
  arcady: ✅ uploaded
  hudsonplace: ✅ uploaded
  lentor-gardens: ✅ uploaded
  OneMarinaGardens: ✅ uploaded
  unionsquare: ✅ uploaded
  narraresidences: ✅ uploaded
  velabay: ✅ uploaded
  thesen: ✅ uploaded
  thecontinuum: ✅ uploaded
  BelgraviaAce: ✅ uploaded
  TheHillshore: ✅ uploaded
  ✅ /theColletive/price/index.html uploaded
  thecolletive: ✅ uploaded

✅ State saved.
  Telegram notify: HTTP 200

=== Balance Units Auto-Update ===
Time: 17/08/2026, 9:00:01 am

━━━ bagnallhous ━━━
  Available: 9 units (4 types)
    1BR + Flexi: 2
    4 Bedroom: 4
    4BR + Flexi: 1
    5 Bedroom: 2
  ℹ️  No count change (9 units). Date refreshed.
━━━ TheOrie ━━━
  Available: 35 units (2 types)
    1 Bedroom + Study: 28
    3 Bedroom Dual Key: 7
  ℹ️  No count change (35 units). Date refreshed.
━━━ upperhouse ━━━
  Available: 54 units (3 types)
    1 Bedroom + Study: 26
    2 Bedroom Premium: 18
    4 Bedroom Suite (Private Lift): 10
  ℹ️  No count change (54 units). Date refreshed.
━━━ promenadepeak ━━━
  Available: 159 units (7 types)
    1 Bedroom + Study: 37
    2 Bedroom: 18
    2 Bedroom + Study: 63
    3 Bedroom: 3
    3 Bedroom Premium (Private Lift): 5
    4 Bedroom Premium (Private Lift): 18
    5 Bedroom Premium (Private Lift): 15
  ℹ️  No count change (159 units). Date refreshed.
━━━ zyongrand ━━━
  Available: 70 units (6 types)
    1 Bedroom + Study: 27
    2 Bedroom Premium + Study: 9
    3 Bedroom: 4
    4 Bedroom Supreme + Study: 11
    5 Bedroom Supreme: 18
    Penthouse (5BR + Private Lift): 1
  ℹ️  No count change (70 units). Date refreshed.
━━━ rivergreen ━━━
  Available: 27 units (5 types)
    1 Bedroom: 14
    1 Bedroom + Study: 2
    2 Bedroom (Premium): 8
    2 Bedroom + Study: 1
    3 Bedroom: 2
  ✅ Table updated → 27 units
━━━ newportresidences ━━━
  Available: 43 units (6 types)
    1 Bedroom: 10
    1 Bedroom + Study: 9
    3 Bedroom: 2
    3 Bedroom Premium: 4
    4 Bedroom Premium: 17
    Super Penthouse: 1
  ℹ️  No count change (43 units). Date refreshed.
━━━ sophiameadow ━━━
  Available: 41 units (4 types)
    1 Bedroom: 10
    1 Bedroom + Study: 4
    2 Bedroom: 17
    3 Bedroom: 10
  ℹ️  No count change (41 units). Date refreshed.
━━━ elta ━━━
  Available: 84 units (7 types)
    1 Bedroom + Study: 4
    3 Bedroom: 2
    4 Bedroom: 7
    4 Bedroom + Study: 21
    4 Bedroom Dual Key: 20
    4 Bedroom Premium: 6
    5 Bedroom: 24
  ℹ️  No count change (84 units). Date refreshed.
━━━ dunearnhouse ━━━
  Available: 150 units (8 types)
    2 Bedroom: 22
    2 Bedroom + Study: 8
    2 Bedroom Premium: 43
    3 Bedroom + Study: 1
    3 Bedroom Premium: 12
    4 Bedroom: 3
    4 Bedroom Premium: 30
    4 Bedroom Premium + Study: 31
  ℹ️  No count change (150 units). Date refreshed.
━━━ arcady ━━━
  Available: 63 units (6 types)
    1 Bedroom + Study: 1
    2 Bedroom: 2
    2 Bedroom + Study: 26
    3 Bedroom Premium: 19
    3 Bedroom Premium + Study: 13
    Penthouse: 2
  ℹ️  No count change (63 units). Date refreshed.
━━━ hudsonplace ━━━
  Available: 86 units (8 types)
    2 Bedroom Premium: 18
    2 Bedroom Premium + Study: 9
    3 Bedroom Premium: 14
    3 Bedroom Premium + Study: 4
    4 Bedroom Suite + Flexi: 37
    5BR + Entertainment Room + Flexi: 1
    5BR + Study: 1
    6BR + Entertainment Room + Private Lift: 2
  ℹ️  No count change (86 units). Date refreshed.
━━━ lentor-gardens ━━━
  Available: 215 units (8 types)
    2 Bedroom + Study: 103
    2 Bedroom Premium: 34
    2 Bedroom Premium (HS): 1
    3 Bedroom Premium: 13
    3 Bedroom Premium + Study: 10
    4 Bedroom Compact: 16
    4 Bedroom Premium: 35
    Strata Terrace House: 3
  ℹ️  No count change (215 units). Date refreshed.
━━━ OneMarinaGardens ━━━
  Available: 272 units (5 types)
    2 Bedroom: 151
    3 Bedroom: 47
    3 Bedroom (Dual Key): 13
    3 Bedroom Premium: 52
    4 Bedroom Premium: 9
  ℹ️  No count change (272 units). Date refreshed.
━━━ unionsquare ━━━
  Available: 146 units (6 types)
    1 Bedroom: 21
    1 Bedroom + Study: 34
    2 Bedroom: 53
    2 Bedroom + Study: 10
    4 Bedroom Premium: 27
    Sky Suite: 1
  ✅ Table updated → 146 units
━━━ narraresidences ━━━
  Available: 325 units (11 types)
    2 Bedroom Compact: 7
    2 Bedroom Premium: 20
    2 Bedroom + Helper's Room: 43
    2 Bedroom + Helper's Room & Study: 3
    2 Bedroom + Study: 77
    3 Bedroom Flexi: 5
    3 Bedroom Premium: 70
    3 Bedroom + Study: 20
    4 Bedroom Compact: 29
    4 Bedroom Premium: 25
    5 Bedroom + Private Lift: 26
  ℹ️  No count change (325 units). Date refreshed.
━━━ velabay ━━━
  Available: 132 units (9 types)
    1 Bedroom + Study: 6
    2 Bedroom: 4
    2 Bedroom Premium: 8
    3 Bedroom: 8
    3 Bedroom Premium: 34
    4 Bedroom: 34
    4 Bedroom (Private Lift): 17
    5 Bedroom (Private Lift): 20
    Penthouse 2: 1
  ℹ️  No count change (132 units). Date refreshed.
━━━ thesen ━━━
  Available: 197 units (5 types)
    2 Bedroom: 51
    2 Bedroom + Study: 48
    3 Bedroom: 28
    3 Bedroom + Study: 36
    4 Bedroom + Study: 34
  ℹ️  No count change (197 units). Date refreshed.
━━━ thecontinuum ━━━
  Available: 16 units (2 types)
    4 Bedroom Premier: 2
    5 Bedroom: 14
  ℹ️  No count change (16 units). Date refreshed.
━━━ BelgraviaAce ━━━
  Available: 23 units (1 types)
    Semi-Detached: 23
  ℹ️  No count change (23 units). Date refreshed.
━━━ TheHillshore ━━━
  Available: 47 units (9 types)
    2 Bedroom: 6
    2 Bedroom Penthouse: 2
    2 Bedroom Premium: 7
    2 Bedroom Premium Penthouse: 2
    3 Bedroom: 18
    3 Bedroom Premium: 3
    3 Bedroom Premium Penthouse: 1
    4 Bedroom (Dual Key): 3
    4 Bedroom Penthouse: 5
  ℹ️  No count change (47 units). Date refreshed.
━━━ thecolletive ━━━
  Available: 268 units (10 types)
    1 Bedroom + Study: 31
    1 Bedroom Premium: 7
    1 Bedroom Suite: 56
    2 Bedroom Deluxe: 20
    2 Bedroom Deluxe + Study: 34
    2 Bedroom Premium: 61
    2 Bedroom Premium + Study: 17
    3 Bedroom Luxury: 17
    3 Bedroom Premium: 15
    Studio: 10
  ✅ price/index.html table + date updated
  ℹ️  No count change (268 units). Date refreshed.

=== Uploading to FTP ===
  bagnallhous: ✅ uploaded
  TheOrie: ✅ uploaded
  upperhouse: ✅ uploaded
  promenadepeak: ✅ uploaded
  zyongrand: ✅ uploaded
  rivergreen: ✅ uploaded
  newportresidences: ✅ uploaded
  sophiameadow: ✅ uploaded
  elta: ✅ uploaded
  dunearnhouse: ✅ uploaded
  arcady: ✅ uploaded
  hudsonplace: ✅ uploaded
  lentor-gardens: ✅ uploaded
  OneMarinaGardens: ✅ uploaded
  unionsquare: ✅ uploaded
  narraresidences: ✅ uploaded
  velabay: ✅ uploaded
  thesen: ✅ uploaded
  thecontinuum: ✅ uploaded
  BelgraviaAce: ✅ uploaded
  TheHillshore: ✅ uploaded
  ✅ /theColletive/price/index.html uploaded
  thecolletive: ✅ uploaded

✅ State saved.
  Telegram notify: HTTP 200

=== Balance Units Auto-Update ===
Time: 18/08/2026, 9:00:01 am

━━━ bagnallhous ━━━
  Available: 9 units (4 types)
    1BR + Flexi: 2
    4 Bedroom: 4
    4BR + Flexi: 1
    5 Bedroom: 2
  ℹ️  No count change (9 units). Date refreshed.
━━━ TheOrie ━━━
  Available: 35 units (2 types)
    1 Bedroom + Study: 28
    3 Bedroom Dual Key: 7
  ℹ️  No count change (35 units). Date refreshed.
━━━ upperhouse ━━━
  Available: 54 units (3 types)
    1 Bedroom + Study: 26
    2 Bedroom Premium: 18
    4 Bedroom Suite (Private Lift): 10
  ℹ️  No count change (54 units). Date refreshed.
━━━ promenadepeak ━━━
  Available: 159 units (7 types)
    1 Bedroom + Study: 37
    2 Bedroom: 18
    2 Bedroom + Study: 63
    3 Bedroom: 3
    3 Bedroom Premium (Private Lift): 5
    4 Bedroom Premium (Private Lift): 18
    5 Bedroom Premium (Private Lift): 15
  ℹ️  No count change (159 units). Date refreshed.
━━━ zyongrand ━━━
  Available: 70 units (6 types)
    1 Bedroom + Study: 27
    2 Bedroom Premium + Study: 9
    3 Bedroom: 4
    4 Bedroom Supreme + Study: 11
    5 Bedroom Supreme: 18
    Penthouse (5BR + Private Lift): 1
  ℹ️  No count change (70 units). Date refreshed.
━━━ rivergreen ━━━
  Available: 27 units (5 types)
    1 Bedroom: 14
    1 Bedroom + Study: 2
    2 Bedroom (Premium): 8
    2 Bedroom + Study: 1
    3 Bedroom: 2
  ℹ️  No count change (27 units). Date refreshed.
━━━ newportresidences ━━━
  Available: 43 units (6 types)
    1 Bedroom: 10
    1 Bedroom + Study: 9
    3 Bedroom: 2
    3 Bedroom Premium: 4
    4 Bedroom Premium: 17
    Super Penthouse: 1
  ℹ️  No count change (43 units). Date refreshed.
━━━ sophiameadow ━━━
  Available: 41 units (4 types)
    1 Bedroom: 10
    1 Bedroom + Study: 4
    2 Bedroom: 17
    3 Bedroom: 10
  ℹ️  No count change (41 units). Date refreshed.
━━━ elta ━━━
  Available: 84 units (7 types)
    1 Bedroom + Study: 4
    3 Bedroom: 2
    4 Bedroom: 7
    4 Bedroom + Study: 21
    4 Bedroom Dual Key: 20
    4 Bedroom Premium: 6
    5 Bedroom: 24
  ℹ️  No count change (84 units). Date refreshed.
━━━ dunearnhouse ━━━
  Available: 151 units (8 types)
    2 Bedroom: 22
    2 Bedroom + Study: 8
    2 Bedroom Premium: 43
    3 Bedroom + Study: 1
    3 Bedroom Premium: 12
    4 Bedroom: 4
    4 Bedroom Premium: 30
    4 Bedroom Premium + Study: 31
  ✅ Table updated → 151 units
━━━ arcady ━━━
  Available: 63 units (6 types)
    1 Bedroom + Study: 1
    2 Bedroom: 2
    2 Bedroom + Study: 26
    3 Bedroom Premium: 19
    3 Bedroom Premium + Study: 13
    Penthouse: 2
  ℹ️  No count change (63 units). Date refreshed.
━━━ hudsonplace ━━━
  Available: 86 units (8 types)
    2 Bedroom Premium: 18
    2 Bedroom Premium + Study: 9
    3 Bedroom Premium: 14
    3 Bedroom Premium + Study: 4
    4 Bedroom Suite + Flexi: 37
    5BR + Entertainment Room + Flexi: 1
    5BR + Study: 1
    6BR + Entertainment Room + Private Lift: 2
  ℹ️  No count change (86 units). Date refreshed.
━━━ lentor-gardens ━━━
  Available: 215 units (8 types)
    2 Bedroom + Study: 103
    2 Bedroom Premium: 34
    2 Bedroom Premium (HS): 1
    3 Bedroom Premium: 13
    3 Bedroom Premium + Study: 10
    4 Bedroom Compact: 16
    4 Bedroom Premium: 35
    Strata Terrace House: 3
  ℹ️  No count change (215 units). Date refreshed.
━━━ OneMarinaGardens ━━━
  Available: 272 units (5 types)
    2 Bedroom: 151
    3 Bedroom: 47
    3 Bedroom (Dual Key): 13
    3 Bedroom Premium: 52
    4 Bedroom Premium: 9
  ℹ️  No count change (272 units). Date refreshed.
━━━ unionsquare ━━━
  Available: 146 units (6 types)
    1 Bedroom: 21
    1 Bedroom + Study: 34
    2 Bedroom: 53
    2 Bedroom + Study: 10
    4 Bedroom Premium: 27
    Sky Suite: 1
  ℹ️  No count change (146 units). Date refreshed.
━━━ narraresidences ━━━
  Available: 325 units (11 types)
    2 Bedroom Compact: 7
    2 Bedroom Premium: 20
    2 Bedroom + Helper's Room: 43
    2 Bedroom + Helper's Room & Study: 3
    2 Bedroom + Study: 77
    3 Bedroom Flexi: 5
    3 Bedroom Premium: 70
    3 Bedroom + Study: 20
    4 Bedroom Compact: 29
    4 Bedroom Premium: 25
    5 Bedroom + Private Lift: 26
  ℹ️  No count change (325 units). Date refreshed.
━━━ velabay ━━━
  Available: 132 units (9 types)
    1 Bedroom + Study: 6
    2 Bedroom: 4
    2 Bedroom Premium: 8
    3 Bedroom: 8
    3 Bedroom Premium: 34
    4 Bedroom: 34
    4 Bedroom (Private Lift): 17
    5 Bedroom (Private Lift): 20
    Penthouse 2: 1
  ℹ️  No count change (132 units). Date refreshed.
━━━ thesen ━━━
  Available: 197 units (5 types)
    2 Bedroom: 51
    2 Bedroom + Study: 48
    3 Bedroom: 28
    3 Bedroom + Study: 36
    4 Bedroom + Study: 34
  ℹ️  No count change (197 units). Date refreshed.
━━━ thecontinuum ━━━
  Available: 16 units (2 types)
    4 Bedroom Premier: 2
    5 Bedroom: 14
  ℹ️  No count change (16 units). Date refreshed.
━━━ BelgraviaAce ━━━
  Available: 23 units (1 types)
    Semi-Detached: 23
  ℹ️  No count change (23 units). Date refreshed.
━━━ TheHillshore ━━━
  Available: 47 units (9 types)
    2 Bedroom: 6
    2 Bedroom Penthouse: 2
    2 Bedroom Premium: 7
    2 Bedroom Premium Penthouse: 2
    3 Bedroom: 18
    3 Bedroom Premium: 3
    3 Bedroom Premium Penthouse: 1
    4 Bedroom (Dual Key): 3
    4 Bedroom Penthouse: 5
  ℹ️  No count change (47 units). Date refreshed.
━━━ thecolletive ━━━
  Available: 268 units (10 types)
    1 Bedroom + Study: 31
    1 Bedroom Premium: 7
    1 Bedroom Suite: 56
    2 Bedroom Deluxe: 20
    2 Bedroom Deluxe + Study: 34
    2 Bedroom Premium: 61
    2 Bedroom Premium + Study: 17
    3 Bedroom Luxury: 17
    3 Bedroom Premium: 15
    Studio: 10
  ✅ price/index.html table + date updated
  ℹ️  No count change (268 units). Date refreshed.

=== Uploading to FTP ===
  bagnallhous: ✅ uploaded
  TheOrie: ✅ uploaded
  upperhouse: ✅ uploaded
  promenadepeak: ✅ uploaded
  zyongrand: ✅ uploaded
  rivergreen: ✅ uploaded
  newportresidences: ✅ uploaded
  sophiameadow: ✅ uploaded
  elta: ✅ uploaded
  dunearnhouse: ✅ uploaded
  arcady: ✅ uploaded
  hudsonplace: ✅ uploaded
  lentor-gardens: ✅ uploaded
  OneMarinaGardens: ✅ uploaded
  unionsquare: ✅ uploaded
  narraresidences: ✅ uploaded
  velabay: ✅ uploaded
  thesen: ✅ uploaded
  thecontinuum: ✅ uploaded
  BelgraviaAce: ✅ uploaded
  TheHillshore: ✅ uploaded
  ✅ /theColletive/price/index.html uploaded
  thecolletive: ✅ uploaded

✅ State saved.
  Telegram notify: HTTP 200

=== Balance Units Auto-Update ===
Time: 19/08/2026, 9:00:01 am

━━━ bagnallhous ━━━
  Available: 9 units (4 types)
    1BR + Flexi: 2
    4 Bedroom: 4
    4BR + Flexi: 1
    5 Bedroom: 2
  ℹ️  No count change (9 units). Date refreshed.
━━━ TheOrie ━━━
  Available: 35 units (2 types)
    1 Bedroom + Study: 28
    3 Bedroom Dual Key: 7
  ℹ️  No count change (35 units). Date refreshed.
━━━ upperhouse ━━━
  Available: 54 units (3 types)
    1 Bedroom + Study: 26
    2 Bedroom Premium: 18
    4 Bedroom Suite (Private Lift): 10
  ℹ️  No count change (54 units). Date refreshed.
━━━ promenadepeak ━━━
  Available: 159 units (7 types)
    1 Bedroom + Study: 37
    2 Bedroom: 18
    2 Bedroom + Study: 63
    3 Bedroom: 3
    3 Bedroom Premium (Private Lift): 5
    4 Bedroom Premium (Private Lift): 18
    5 Bedroom Premium (Private Lift): 15
  ℹ️  No count change (159 units). Date refreshed.
━━━ zyongrand ━━━
  Available: 70 units (6 types)
    1 Bedroom + Study: 27
    2 Bedroom Premium + Study: 9
    3 Bedroom: 4
    4 Bedroom Supreme + Study: 11
    5 Bedroom Supreme: 18
    Penthouse (5BR + Private Lift): 1
  ℹ️  No count change (70 units). Date refreshed.
━━━ rivergreen ━━━
  Available: 27 units (5 types)
    1 Bedroom: 14
    1 Bedroom + Study: 2
    2 Bedroom (Premium): 8
    2 Bedroom + Study: 1
    3 Bedroom: 2
  ℹ️  No count change (27 units). Date refreshed.
━━━ newportresidences ━━━
  Available: 43 units (6 types)
    1 Bedroom: 10
    1 Bedroom + Study: 9
    3 Bedroom: 2
    3 Bedroom Premium: 4
    4 Bedroom Premium: 17
    Super Penthouse: 1
  ℹ️  No count change (43 units). Date refreshed.
━━━ sophiameadow ━━━
  Available: 41 units (4 types)
    1 Bedroom: 10
    1 Bedroom + Study: 4
    2 Bedroom: 17
    3 Bedroom: 10
  ℹ️  No count change (41 units). Date refreshed.
━━━ elta ━━━
  Available: 84 units (7 types)
    1 Bedroom + Study: 4
    3 Bedroom: 2
    4 Bedroom: 7
    4 Bedroom + Study: 21
    4 Bedroom Dual Key: 20
    4 Bedroom Premium: 6
    5 Bedroom: 24
  ℹ️  No count change (84 units). Date refreshed.
━━━ dunearnhouse ━━━
  Available: 151 units (8 types)
    2 Bedroom: 22
    2 Bedroom + Study: 8
    2 Bedroom Premium: 43
    3 Bedroom + Study: 1
    3 Bedroom Premium: 12
    4 Bedroom: 4
    4 Bedroom Premium: 30
    4 Bedroom Premium + Study: 31
  ℹ️  No count change (151 units). Date refreshed.
━━━ arcady ━━━
  Available: 63 units (6 types)
    1 Bedroom + Study: 1
    2 Bedroom: 2
    2 Bedroom + Study: 26
    3 Bedroom Premium: 19
    3 Bedroom Premium + Study: 13
    Penthouse: 2
  ℹ️  No count change (63 units). Date refreshed.
━━━ hudsonplace ━━━
  Available: 86 units (8 types)
    2 Bedroom Premium: 18
    2 Bedroom Premium + Study: 9
    3 Bedroom Premium: 14
    3 Bedroom Premium + Study: 4
    4 Bedroom Suite + Flexi: 37
    5BR + Entertainment Room + Flexi: 1
    5BR + Study: 1
    6BR + Entertainment Room + Private Lift: 2
  ℹ️  No count change (86 units). Date refreshed.
━━━ lentor-gardens ━━━
  Available: 216 units (8 types)
    2 Bedroom + Study: 103
    2 Bedroom Premium: 35
    2 Bedroom Premium (HS): 1
    3 Bedroom Premium: 14
    3 Bedroom Premium + Study: 9
    4 Bedroom Compact: 16
    4 Bedroom Premium: 35
    Strata Terrace House: 3
  ✅ Table updated → 216 units
━━━ OneMarinaGardens ━━━
  Available: 271 units (5 types)
    2 Bedroom: 151
    3 Bedroom: 46
    3 Bedroom (Dual Key): 13
    3 Bedroom Premium: 52
    4 Bedroom Premium: 9
  ✅ Table updated → 271 units
━━━ unionsquare ━━━
  Available: 146 units (6 types)
    1 Bedroom: 21
    1 Bedroom + Study: 34
    2 Bedroom: 53
    2 Bedroom + Study: 10
    4 Bedroom Premium: 27
    Sky Suite: 1
  ℹ️  No count change (146 units). Date refreshed.
━━━ narraresidences ━━━
  Available: 325 units (11 types)
    2 Bedroom Compact: 7
    2 Bedroom Premium: 20
    2 Bedroom + Helper's Room: 43
    2 Bedroom + Helper's Room & Study: 3
    2 Bedroom + Study: 77
    3 Bedroom Flexi: 5
    3 Bedroom Premium: 70
    3 Bedroom + Study: 20
    4 Bedroom Compact: 29
    4 Bedroom Premium: 25
    5 Bedroom + Private Lift: 26
  ℹ️  No count change (325 units). Date refreshed.
━━━ velabay ━━━
  Available: 131 units (9 types)
    1 Bedroom + Study: 6
    2 Bedroom: 4
    2 Bedroom Premium: 8
    3 Bedroom: 8
    3 Bedroom Premium: 34
    4 Bedroom: 33
    4 Bedroom (Private Lift): 17
    5 Bedroom (Private Lift): 20
    Penthouse 2: 1
  ✅ Table updated → 131 units
━━━ thesen ━━━
  Available: 197 units (5 types)
    2 Bedroom: 51
    2 Bedroom + Study: 48
    3 Bedroom: 28
    3 Bedroom + Study: 36
    4 Bedroom + Study: 34
  ℹ️  No count change (197 units). Date refreshed.
━━━ thecontinuum ━━━
  Available: 16 units (2 types)
    4 Bedroom Premier: 2
    5 Bedroom: 14
  ℹ️  No count change (16 units). Date refreshed.
━━━ BelgraviaAce ━━━
  Available: 23 units (1 types)
    Semi-Detached: 23
  ℹ️  No count change (23 units). Date refreshed.
━━━ TheHillshore ━━━
  Available: 47 units (9 types)
    2 Bedroom: 6
    2 Bedroom Penthouse: 2
    2 Bedroom Premium: 7
    2 Bedroom Premium Penthouse: 2
    3 Bedroom: 18
    3 Bedroom Premium: 3
    3 Bedroom Premium Penthouse: 1
    4 Bedroom (Dual Key): 3
    4 Bedroom Penthouse: 5
  ℹ️  No count change (47 units). Date refreshed.
━━━ thecolletive ━━━
  Available: 268 units (10 types)
    1 Bedroom + Study: 31
    1 Bedroom Premium: 7
    1 Bedroom Suite: 56
    2 Bedroom Deluxe: 20
    2 Bedroom Deluxe + Study: 34
    2 Bedroom Premium: 61
    2 Bedroom Premium + Study: 17
    3 Bedroom Luxury: 17
    3 Bedroom Premium: 15
    Studio: 10
  ✅ price/index.html table + date updated
  ℹ️  No count change (268 units). Date refreshed.

=== Uploading to FTP ===
  bagnallhous: ✅ uploaded
  TheOrie: ✅ uploaded
  upperhouse: ✅ uploaded
  promenadepeak: ✅ uploaded
  zyongrand: ✅ uploaded
  rivergreen: ✅ uploaded
  newportresidences: ✅ uploaded
  sophiameadow: ✅ uploaded
  elta: ✅ uploaded
  dunearnhouse: ✅ uploaded
  arcady: ✅ uploaded
  hudsonplace: ✅ uploaded
  lentor-gardens: ✅ uploaded
  OneMarinaGardens: ✅ uploaded
  unionsquare: ✅ uploaded
  narraresidences: ✅ uploaded
  velabay: ✅ uploaded
  thesen: ✅ uploaded
  thecontinuum: ✅ uploaded
  BelgraviaAce: ✅ uploaded
  TheHillshore: ✅ uploaded
  ✅ /theColletive/price/index.html uploaded
  thecolletive: ✅ uploaded

✅ State saved.
  Telegram notify: HTTP 200

=== Balance Units Auto-Update ===
Time: 19/08/2026, 9:14:28 am

━━━ bagnallhous ━━━
  Available: 9 units (4 types)
    1BR + Flexi: 2
    4 Bedroom: 4
    4BR + Flexi: 1
    5 Bedroom: 2
  ℹ️  No count change (9 units). Date refreshed.
━━━ TheOrie ━━━
  Available: 35 units (2 types)
    1 Bedroom + Study: 28
    3 Bedroom Dual Key: 7
  ℹ️  No count change (35 units). Date refreshed.
━━━ upperhouse ━━━
  Available: 54 units (3 types)
    1 Bedroom + Study: 26
    2 Bedroom Premium: 18
    4 Bedroom Suite (Private Lift): 10
  ℹ️  No count change (54 units). Date refreshed.
━━━ promenadepeak ━━━
  Available: 159 units (7 types)
    1 Bedroom + Study: 37
    2 Bedroom: 18
    2 Bedroom + Study: 63
    3 Bedroom: 3
    3 Bedroom Premium (Private Lift): 5
    4 Bedroom Premium (Private Lift): 18
    5 Bedroom Premium (Private Lift): 15
  ℹ️  No count change (159 units). Date refreshed.
━━━ zyongrand ━━━
  Available: 70 units (6 types)
    1 Bedroom + Study: 27
    2 Bedroom Premium + Study: 9
    3 Bedroom: 4
    4 Bedroom Supreme + Study: 11
    5 Bedroom Supreme: 18
    Penthouse (5BR + Private Lift): 1
  ℹ️  No count change (70 units). Date refreshed.
━━━ rivergreen ━━━
  Available: 27 units (5 types)
    1 Bedroom: 14
    1 Bedroom + Study: 2
    2 Bedroom (Premium): 8
    2 Bedroom + Study: 1
    3 Bedroom: 2
  ℹ️  No count change (27 units). Date refreshed.
━━━ newportresidences ━━━
  Available: 43 units (6 types)
    1 Bedroom: 10
    1 Bedroom + Study: 9
    3 Bedroom: 2
    3 Bedroom Premium: 4
    4 Bedroom Premium: 17
    Super Penthouse: 1
  ℹ️  No count change (43 units). Date refreshed.
━━━ sophiameadow ━━━
  Available: 41 units (4 types)
    1 Bedroom: 10
    1 Bedroom + Study: 4
    2 Bedroom: 17
    3 Bedroom: 10
  ℹ️  No count change (41 units). Date refreshed.
━━━ elta ━━━
  Available: 84 units (7 types)
    1 Bedroom + Study: 4
    3 Bedroom: 2
    4 Bedroom: 7
    4 Bedroom + Study: 21
    4 Bedroom Dual Key: 20
    4 Bedroom Premium: 6
    5 Bedroom: 24
  ℹ️  No count change (84 units). Date refreshed.
━━━ dunearnhouse ━━━
  Available: 151 units (8 types)
    2 Bedroom: 22
    2 Bedroom + Study: 8
    2 Bedroom Premium: 43
    3 Bedroom + Study: 1
    3 Bedroom Premium: 12
    4 Bedroom: 4
    4 Bedroom Premium: 30
    4 Bedroom Premium + Study: 31
  ℹ️  No count change (151 units). Date refreshed.
━━━ arcady ━━━
  Available: 63 units (6 types)
    1 Bedroom + Study: 1
    2 Bedroom: 2
    2 Bedroom + Study: 26
    3 Bedroom Premium: 19
    3 Bedroom Premium + Study: 13
    Penthouse: 2
  ℹ️  No count change (63 units). Date refreshed.
━━━ hudsonplace ━━━
  Available: 86 units (8 types)
    2 Bedroom Premium: 18
    2 Bedroom Premium + Study: 9
    3 Bedroom Premium: 14
    3 Bedroom Premium + Study: 4
    4 Bedroom Suite + Flexi: 37
    5BR + Entertainment Room + Flexi: 1
    5BR + Study: 1
    6BR + Entertainment Room + Private Lift: 2
  ℹ️  No count change (86 units). Date refreshed.
━━━ lentor-gardens ━━━
  Available: 216 units (8 types)
    2 Bedroom + Study: 103
    2 Bedroom Premium: 35
    2 Bedroom Premium (HS): 1
    3 Bedroom Premium: 14
    3 Bedroom Premium + Study: 9
    4 Bedroom Compact: 16
    4 Bedroom Premium: 35
    Strata Terrace House: 3
  ℹ️  No count change (216 units). Date refreshed.
━━━ OneMarinaGardens ━━━
  Available: 271 units (5 types)
    2 Bedroom: 151
    3 Bedroom: 46
    3 Bedroom (Dual Key): 13
    3 Bedroom Premium: 52
    4 Bedroom Premium: 9
  ℹ️  No count change (271 units). Date refreshed.
━━━ unionsquare ━━━
  Available: 146 units (6 types)
    1 Bedroom: 21
    1 Bedroom + Study: 34
    2 Bedroom: 53
    2 Bedroom + Study: 10
    4 Bedroom Premium: 27
    Sky Suite: 1
  ℹ️  No count change (146 units). Date refreshed.
━━━ narraresidences ━━━
  Available: 325 units (11 types)
    2 Bedroom Compact: 7
    2 Bedroom Premium: 20
    2 Bedroom + Helper's Room: 43
    2 Bedroom + Helper's Room & Study: 3
    2 Bedroom + Study: 77
    3 Bedroom Flexi: 5
    3 Bedroom Premium: 70
    3 Bedroom + Study: 20
    4 Bedroom Compact: 29
    4 Bedroom Premium: 25
    5 Bedroom + Private Lift: 26
  ℹ️  No count change (325 units). Date refreshed.
━━━ velabay ━━━
  Available: 131 units (9 types)
    1 Bedroom + Study: 6
    2 Bedroom: 4
    2 Bedroom Premium: 8
    3 Bedroom: 8
    3 Bedroom Premium: 34
    4 Bedroom: 33
    4 Bedroom (Private Lift): 17
    5 Bedroom (Private Lift): 20
    Penthouse 2: 1
  ℹ️  No count change (131 units). Date refreshed.
━━━ thesen ━━━
  Available: 197 units (5 types)
    2 Bedroom: 51
    2 Bedroom + Study: 48
    3 Bedroom: 28
    3 Bedroom + Study: 36
    4 Bedroom + Study: 34
  ℹ️  No count change (197 units). Date refreshed.
━━━ thecontinuum ━━━
  Available: 16 units (2 types)
    4 Bedroom Premier: 2
    5 Bedroom: 14
  ℹ️  No count change (16 units). Date refreshed.
━━━ BelgraviaAce ━━━
  Available: 23 units (1 types)
    Semi-Detached: 23
  ℹ️  No count change (23 units). Date refreshed.
━━━ TheHillshore ━━━
  Available: 47 units (9 types)
    2 Bedroom: 6
    2 Bedroom Penthouse: 2
    2 Bedroom Premium: 7
    2 Bedroom Premium Penthouse: 2
    3 Bedroom: 18
    3 Bedroom Premium: 3
    3 Bedroom Premium Penthouse: 1
    4 Bedroom (Dual Key): 3
    4 Bedroom Penthouse: 5
  ℹ️  No count change (47 units). Date refreshed.
━━━ thecolletive ━━━
  Available: 268 units (10 types)
    1 Bedroom + Study: 31
    1 Bedroom Premium: 7
    1 Bedroom Suite: 56
    2 Bedroom Deluxe: 20
    2 Bedroom Deluxe + Study: 34
    2 Bedroom Premium: 61
    2 Bedroom Premium + Study: 17
    3 Bedroom Luxury: 17
    3 Bedroom Premium: 15
    Studio: 10
  ✅ price/index.html table + date updated
  ℹ️  No count change (268 units). Date refreshed.

=== Uploading to FTP ===
  bagnallhous: ✅ uploaded
  TheOrie: ✅ uploaded
  upperhouse: ✅ uploaded
  promenadepeak: ✅ uploaded
  zyongrand: ✅ uploaded
  rivergreen: ✅ uploaded
  newportresidences: ✅ uploaded
  sophiameadow: ✅ uploaded
  elta: ✅ uploaded
  dunearnhouse: ✅ uploaded
  arcady: ✅ uploaded
  hudsonplace: ✅ uploaded
  lentor-gardens: ✅ uploaded
  OneMarinaGardens: ✅ uploaded
  unionsquare: ✅ uploaded
  narraresidences: ✅ uploaded
  velabay: ✅ uploaded
  thesen: ✅ uploaded
  thecontinuum: ✅ uploaded
  BelgraviaAce: ✅ uploaded
  TheHillshore: ✅ uploaded
  ✅ /theColletive/price/index.html uploaded
  thecolletive: ✅ uploaded

✅ State saved.
No changes to report.

=== Balance Units Auto-Update ===
Time: 19/08/2026, 5:00:02 pm

━━━ bagnallhous ━━━
  Available: 9 units (4 types)
    1BR + Flexi: 2
    4 Bedroom: 4
    4BR + Flexi: 1
    5 Bedroom: 2
  ℹ️  No count change (9 units). Date refreshed.
━━━ TheOrie ━━━
  Available: 35 units (2 types)
    1 Bedroom + Study: 28
    3 Bedroom Dual Key: 7
  ℹ️  No count change (35 units). Date refreshed.
━━━ upperhouse ━━━
  Available: 54 units (3 types)
    1 Bedroom + Study: 26
    2 Bedroom Premium: 18
    4 Bedroom Suite (Private Lift): 10
  ℹ️  No count change (54 units). Date refreshed.
━━━ promenadepeak ━━━
  Available: 159 units (7 types)
    1 Bedroom + Study: 37
    2 Bedroom: 18
    2 Bedroom + Study: 63
    3 Bedroom: 3
    3 Bedroom Premium (Private Lift): 5
    4 Bedroom Premium (Private Lift): 18
    5 Bedroom Premium (Private Lift): 15
  ℹ️  No count change (159 units). Date refreshed.
━━━ zyongrand ━━━
  Available: 70 units (6 types)
    1 Bedroom + Study: 27
    2 Bedroom Premium + Study: 9
    3 Bedroom: 4
    4 Bedroom Supreme + Study: 11
    5 Bedroom Supreme: 18
    Penthouse (5BR + Private Lift): 1
  ℹ️  No count change (70 units). Date refreshed.
━━━ rivergreen ━━━
  Available: 27 units (5 types)
    1 Bedroom: 14
    1 Bedroom + Study: 2
    2 Bedroom (Premium): 8
    2 Bedroom + Study: 1
    3 Bedroom: 2
  ℹ️  No count change (27 units). Date refreshed.
━━━ newportresidences ━━━
  Available: 43 units (6 types)
    1 Bedroom: 10
    1 Bedroom + Study: 9
    3 Bedroom: 2
    3 Bedroom Premium: 4
    4 Bedroom Premium: 17
    Super Penthouse: 1
  ℹ️  No count change (43 units). Date refreshed.
━━━ sophiameadow ━━━
  Available: 41 units (4 types)
    1 Bedroom: 10
    1 Bedroom + Study: 4
    2 Bedroom: 17
    3 Bedroom: 10
  ℹ️  No count change (41 units). Date refreshed.
━━━ elta ━━━
  Available: 84 units (7 types)
    1 Bedroom + Study: 4
    3 Bedroom: 2
    4 Bedroom: 7
    4 Bedroom + Study: 21
    4 Bedroom Dual Key: 20
    4 Bedroom Premium: 6
    5 Bedroom: 24
  ℹ️  No count change (84 units). Date refreshed.
━━━ dunearnhouse ━━━
  Available: 151 units (8 types)
    2 Bedroom: 22
    2 Bedroom + Study: 8
    2 Bedroom Premium: 43
    3 Bedroom + Study: 1
    3 Bedroom Premium: 12
    4 Bedroom: 4
    4 Bedroom Premium: 30
    4 Bedroom Premium + Study: 31
  ℹ️  No count change (151 units). Date refreshed.
━━━ arcady ━━━
  Available: 63 units (6 types)
    1 Bedroom + Study: 1
    2 Bedroom: 2
    2 Bedroom + Study: 26
    3 Bedroom Premium: 19
    3 Bedroom Premium + Study: 13
    Penthouse: 2
  ℹ️  No count change (63 units). Date refreshed.
━━━ hudsonplace ━━━
  Available: 86 units (8 types)
    2 Bedroom Premium: 18
    2 Bedroom Premium + Study: 9
    3 Bedroom Premium: 14
    3 Bedroom Premium + Study: 4
    4 Bedroom Suite + Flexi: 37
    5BR + Entertainment Room + Flexi: 1
    5BR + Study: 1
    6BR + Entertainment Room + Private Lift: 2
  ℹ️  No count change (86 units). Date refreshed.
━━━ lentor-gardens ━━━
  Available: 216 units (8 types)
    2 Bedroom + Study: 103
    2 Bedroom Premium: 35
    2 Bedroom Premium (HS): 1
    3 Bedroom Premium: 14
    3 Bedroom Premium + Study: 9
    4 Bedroom Compact: 16
    4 Bedroom Premium: 35
    Strata Terrace House: 3
  ℹ️  No count change (216 units). Date refreshed.
━━━ OneMarinaGardens ━━━
  Available: 271 units (5 types)
    2 Bedroom: 151
    3 Bedroom: 46
    3 Bedroom (Dual Key): 13
    3 Bedroom Premium: 52
    4 Bedroom Premium: 9
  ℹ️  No count change (271 units). Date refreshed.
━━━ unionsquare ━━━
  Available: 146 units (6 types)
    1 Bedroom: 21
    1 Bedroom + Study: 34
    2 Bedroom: 53
    2 Bedroom + Study: 10
    4 Bedroom Premium: 27
    Sky Suite: 1
  ℹ️  No count change (146 units). Date refreshed.
━━━ narraresidences ━━━
  Available: 325 units (11 types)
    2 Bedroom Compact: 7
    2 Bedroom Premium: 20
    2 Bedroom + Helper's Room: 43
    2 Bedroom + Helper's Room & Study: 3
    2 Bedroom + Study: 77
    3 Bedroom Flexi: 5
    3 Bedroom Premium: 70
    3 Bedroom + Study: 20
    4 Bedroom Compact: 29
    4 Bedroom Premium: 25
    5 Bedroom + Private Lift: 26
  ℹ️  No count change (325 units). Date refreshed.
━━━ velabay ━━━
  Available: 131 units (9 types)
    1 Bedroom + Study: 6
    2 Bedroom: 4
    2 Bedroom Premium: 8
    3 Bedroom: 8
    3 Bedroom Premium: 34
    4 Bedroom: 33
    4 Bedroom (Private Lift): 17
    5 Bedroom (Private Lift): 20
    Penthouse 2: 1
  ℹ️  No count change (131 units). Date refreshed.
━━━ thesen ━━━
  Available: 197 units (5 types)
    2 Bedroom: 51
    2 Bedroom + Study: 48
    3 Bedroom: 28
    3 Bedroom + Study: 36
    4 Bedroom + Study: 34
  ℹ️  No count change (197 units). Date refreshed.
━━━ thecontinuum ━━━
  Available: 16 units (2 types)
    4 Bedroom Premier: 2
    5 Bedroom: 14
  ℹ️  No count change (16 units). Date refreshed.
━━━ BelgraviaAce ━━━
  Available: 23 units (1 types)
    Semi-Detached: 23
  ℹ️  No count change (23 units). Date refreshed.
━━━ TheHillshore ━━━
  Available: 47 units (9 types)
    2 Bedroom: 6
    2 Bedroom Penthouse: 2
    2 Bedroom Premium: 7
    2 Bedroom Premium Penthouse: 2
    3 Bedroom: 18
    3 Bedroom Premium: 3
    3 Bedroom Premium Penthouse: 1
    4 Bedroom (Dual Key): 3
    4 Bedroom Penthouse: 5
  ℹ️  No count change (47 units). Date refreshed.
━━━ thecolletive ━━━
  Available: 268 units (10 types)
    1 Bedroom + Study: 31
    1 Bedroom Premium: 7
    1 Bedroom Suite: 56
    2 Bedroom Deluxe: 20
    2 Bedroom Deluxe + Study: 34
    2 Bedroom Premium: 61
    2 Bedroom Premium + Study: 17
    3 Bedroom Luxury: 17
    3 Bedroom Premium: 15
    Studio: 10
  ✅ price/index.html table + date updated
  ℹ️  No count change (268 units). Date refreshed.

=== Uploading to FTP ===
  bagnallhous: ✅ uploaded
  TheOrie: ✅ uploaded
  upperhouse: ✅ uploaded
  promenadepeak: ✅ uploaded
  zyongrand: ✅ uploaded
  rivergreen: ✅ uploaded
  newportresidences: ✅ uploaded
  sophiameadow: ✅ uploaded
  elta: ✅ uploaded
  dunearnhouse: ✅ uploaded
  arcady: ✅ uploaded
  hudsonplace: ✅ uploaded
  lentor-gardens: ✅ uploaded
  OneMarinaGardens: ✅ uploaded
  unionsquare: ✅ uploaded
  narraresidences: ✅ uploaded
  velabay: ✅ uploaded
  thesen: ✅ uploaded
  thecontinuum: ✅ uploaded
  BelgraviaAce: ✅ uploaded
  TheHillshore: ✅ uploaded
  ✅ /theColletive/price/index.html uploaded
  thecolletive: ✅ uploaded

✅ State saved.
No changes to report.

=== Balance Units Auto-Update ===
Time: 20/08/2026, 5:00:02 pm

━━━ bagnallhous ━━━
  Available: 9 units (4 types)
    1BR + Flexi: 2
    4 Bedroom: 4
    4BR + Flexi: 1
    5 Bedroom: 2
  ℹ️  No count change (9 units). Date refreshed.
━━━ TheOrie ━━━
  Available: 35 units (2 types)
    1 Bedroom + Study: 28
    3 Bedroom Dual Key: 7
  ℹ️  No count change (35 units). Date refreshed.
━━━ upperhouse ━━━
  Available: 54 units (3 types)
    1 Bedroom + Study: 26
    2 Bedroom Premium: 18
    4 Bedroom Suite (Private Lift): 10
  ℹ️  No count change (54 units). Date refreshed.
━━━ promenadepeak ━━━
  Available: 159 units (7 types)
    1 Bedroom + Study: 37
    2 Bedroom: 18
    2 Bedroom + Study: 63
    3 Bedroom: 3
    3 Bedroom Premium (Private Lift): 5
    4 Bedroom Premium (Private Lift): 18
    5 Bedroom Premium (Private Lift): 15
  ℹ️  No count change (159 units). Date refreshed.
━━━ zyongrand ━━━
  Available: 70 units (6 types)
    1 Bedroom + Study: 27
    2 Bedroom Premium + Study: 9
    3 Bedroom: 4
    4 Bedroom Supreme + Study: 11
    5 Bedroom Supreme: 18
    Penthouse (5BR + Private Lift): 1
  ℹ️  No count change (70 units). Date refreshed.
━━━ rivergreen ━━━
  Available: 27 units (5 types)
    1 Bedroom: 14
    1 Bedroom + Study: 2
    2 Bedroom (Premium): 8
    2 Bedroom + Study: 1
    3 Bedroom: 2
  ℹ️  No count change (27 units). Date refreshed.
━━━ newportresidences ━━━
  Available: 43 units (6 types)
    1 Bedroom: 10
    1 Bedroom + Study: 9
    3 Bedroom: 2
    3 Bedroom Premium: 4
    4 Bedroom Premium: 17
    Super Penthouse: 1
  ℹ️  No count change (43 units). Date refreshed.
━━━ sophiameadow ━━━
  Available: 41 units (4 types)
    1 Bedroom: 10
    1 Bedroom + Study: 4
    2 Bedroom: 17
    3 Bedroom: 10
  ℹ️  No count change (41 units). Date refreshed.
━━━ elta ━━━
  Available: 84 units (7 types)
    1 Bedroom + Study: 4
    3 Bedroom: 2
    4 Bedroom: 7
    4 Bedroom + Study: 21
    4 Bedroom Dual Key: 20
    4 Bedroom Premium: 6
    5 Bedroom: 24
  ℹ️  No count change (84 units). Date refreshed.
━━━ dunearnhouse ━━━
  Available: 151 units (8 types)
    2 Bedroom: 22
    2 Bedroom + Study: 8
    2 Bedroom Premium: 43
    3 Bedroom + Study: 1
    3 Bedroom Premium: 12
    4 Bedroom: 4
    4 Bedroom Premium: 30
    4 Bedroom Premium + Study: 31
  ℹ️  No count change (151 units). Date refreshed.
━━━ arcady ━━━
  Available: 63 units (6 types)
    1 Bedroom + Study: 1
    2 Bedroom: 2
    2 Bedroom + Study: 26
    3 Bedroom Premium: 19
    3 Bedroom Premium + Study: 13
    Penthouse: 2
  ℹ️  No count change (63 units). Date refreshed.
━━━ hudsonplace ━━━
  Available: 86 units (8 types)
    2 Bedroom Premium: 18
    2 Bedroom Premium + Study: 9
    3 Bedroom Premium: 14
    3 Bedroom Premium + Study: 4
    4 Bedroom Suite + Flexi: 37
    5BR + Entertainment Room + Flexi: 1
    5BR + Study: 1
    6BR + Entertainment Room + Private Lift: 2
  ℹ️  No count change (86 units). Date refreshed.
━━━ lentor-gardens ━━━
  Available: 216 units (8 types)
    2 Bedroom + Study: 103
    2 Bedroom Premium: 35
    2 Bedroom Premium (HS): 1
    3 Bedroom Premium: 14
    3 Bedroom Premium + Study: 9
    4 Bedroom Compact: 16
    4 Bedroom Premium: 35
    Strata Terrace House: 3
  ℹ️  No count change (216 units). Date refreshed.
━━━ OneMarinaGardens ━━━
  Available: 271 units (5 types)
    2 Bedroom: 151
    3 Bedroom: 46
    3 Bedroom (Dual Key): 13
    3 Bedroom Premium: 52
    4 Bedroom Premium: 9
  ℹ️  No count change (271 units). Date refreshed.
━━━ unionsquare ━━━
  Available: 146 units (6 types)
    1 Bedroom: 21
    1 Bedroom + Study: 34
    2 Bedroom: 53
    2 Bedroom + Study: 10
    4 Bedroom Premium: 27
    Sky Suite: 1
  ℹ️  No count change (146 units). Date refreshed.
━━━ narraresidences ━━━
  Available: 325 units (11 types)
    2 Bedroom Compact: 7
    2 Bedroom Premium: 20
    2 Bedroom + Helper's Room: 43
    2 Bedroom + Helper's Room & Study: 3
    2 Bedroom + Study: 77
    3 Bedroom Flexi: 5
    3 Bedroom Premium: 70
    3 Bedroom + Study: 20
    4 Bedroom Compact: 29
    4 Bedroom Premium: 25
    5 Bedroom + Private Lift: 26
  ℹ️  No count change (325 units). Date refreshed.
━━━ velabay ━━━
  Available: 131 units (9 types)
    1 Bedroom + Study: 6
    2 Bedroom: 4
    2 Bedroom Premium: 8
    3 Bedroom: 8
    3 Bedroom Premium: 34
    4 Bedroom: 33
    4 Bedroom (Private Lift): 17
    5 Bedroom (Private Lift): 20
    Penthouse 2: 1
  ℹ️  No count change (131 units). Date refreshed.
━━━ thesen ━━━
  Available: 197 units (5 types)
    2 Bedroom: 51
    2 Bedroom + Study: 48
    3 Bedroom: 28
    3 Bedroom + Study: 36
    4 Bedroom + Study: 34
  ℹ️  No count change (197 units). Date refreshed.
━━━ thecontinuum ━━━
  Available: 16 units (2 types)
    4 Bedroom Premier: 2
    5 Bedroom: 14
  ℹ️  No count change (16 units). Date refreshed.
━━━ BelgraviaAce ━━━
  Available: 23 units (1 types)
    Semi-Detached: 23
  ℹ️  No count change (23 units). Date refreshed.
━━━ TheHillshore ━━━
  Available: 47 units (9 types)
    2 Bedroom: 6
    2 Bedroom Penthouse: 2
    2 Bedroom Premium: 7
    2 Bedroom Premium Penthouse: 2
    3 Bedroom: 18
    3 Bedroom Premium: 3
    3 Bedroom Premium Penthouse: 1
    4 Bedroom (Dual Key): 3
    4 Bedroom Penthouse: 5
  ℹ️  No count change (47 units). Date refreshed.
━━━ thecolletive ━━━
  Available: 268 units (10 types)
    1 Bedroom + Study: 31
    1 Bedroom Premium: 7
    1 Bedroom Suite: 56
    2 Bedroom Deluxe: 20
    2 Bedroom Deluxe + Study: 34
    2 Bedroom Premium: 61
    2 Bedroom Premium + Study: 17
    3 Bedroom Luxury: 17
    3 Bedroom Premium: 15
    Studio: 10
  ✅ price/index.html table + date updated
  ℹ️  No count change (268 units). Date refreshed.

=== Uploading to FTP ===
  bagnallhous: ✅ uploaded
  TheOrie: ✅ uploaded
  upperhouse: ✅ uploaded
  promenadepeak: ✅ uploaded
  zyongrand: ✅ uploaded
  rivergreen: ✅ uploaded
  newportresidences: ✅ uploaded
  sophiameadow: ✅ uploaded
  elta: ✅ uploaded
  dunearnhouse: ✅ uploaded
  arcady: ✅ uploaded
  hudsonplace: ✅ uploaded
  lentor-gardens: ✅ uploaded
  OneMarinaGardens: ✅ uploaded
  unionsquare: ✅ uploaded
  narraresidences: ✅ uploaded
  velabay: ✅ uploaded
  thesen: ✅ uploaded
  thecontinuum: ✅ uploaded
  BelgraviaAce: ✅ uploaded
  TheHillshore: ✅ uploaded
  ✅ /theColletive/price/index.html uploaded
  thecolletive: ✅ uploaded

✅ State saved.
No changes to report.

=== Balance Units Auto-Update ===
Time: 21/08/2026, 5:00:03 pm

━━━ bagnallhous ━━━
  Available: 9 units (4 types)
    1BR + Flexi: 2
    4 Bedroom: 4
    4BR + Flexi: 1
    5 Bedroom: 2
  ℹ️  No count change (9 units). Date refreshed.
━━━ TheOrie ━━━
  Available: 35 units (2 types)
    1 Bedroom + Study: 28
    3 Bedroom Dual Key: 7
  ℹ️  No count change (35 units). Date refreshed.
━━━ upperhouse ━━━
  Available: 54 units (3 types)
    1 Bedroom + Study: 26
    2 Bedroom Premium: 18
    4 Bedroom Suite (Private Lift): 10
  ℹ️  No count change (54 units). Date refreshed.
━━━ promenadepeak ━━━
  Available: 159 units (7 types)
    1 Bedroom + Study: 37
    2 Bedroom: 18
    2 Bedroom + Study: 63
    3 Bedroom: 3
    3 Bedroom Premium (Private Lift): 5
    4 Bedroom Premium (Private Lift): 18
    5 Bedroom Premium (Private Lift): 15
  ℹ️  No count change (159 units). Date refreshed.
━━━ zyongrand ━━━
  Available: 70 units (6 types)
    1 Bedroom + Study: 27
    2 Bedroom Premium + Study: 9
    3 Bedroom: 4
    4 Bedroom Supreme + Study: 11
    5 Bedroom Supreme: 18
    Penthouse (5BR + Private Lift): 1
  ℹ️  No count change (70 units). Date refreshed.
━━━ rivergreen ━━━
  Available: 27 units (5 types)
    1 Bedroom: 14
    1 Bedroom + Study: 2
    2 Bedroom (Premium): 8
    2 Bedroom + Study: 1
    3 Bedroom: 2
  ℹ️  No count change (27 units). Date refreshed.
━━━ newportresidences ━━━
  Available: 43 units (6 types)
    1 Bedroom: 10
    1 Bedroom + Study: 9
    3 Bedroom: 2
    3 Bedroom Premium: 4
    4 Bedroom Premium: 17
    Super Penthouse: 1
  ℹ️  No count change (43 units). Date refreshed.
━━━ sophiameadow ━━━
  Available: 41 units (4 types)
    1 Bedroom: 10
    1 Bedroom + Study: 4
    2 Bedroom: 17
    3 Bedroom: 10
  ℹ️  No count change (41 units). Date refreshed.
━━━ elta ━━━
  Available: 84 units (7 types)
    1 Bedroom + Study: 4
    3 Bedroom: 2
    4 Bedroom: 7
    4 Bedroom + Study: 21
    4 Bedroom Dual Key: 20
    4 Bedroom Premium: 6
    5 Bedroom: 24
  ℹ️  No count change (84 units). Date refreshed.
━━━ dunearnhouse ━━━
  Available: 151 units (8 types)
    2 Bedroom: 22
    2 Bedroom + Study: 8
    2 Bedroom Premium: 43
    3 Bedroom + Study: 1
    3 Bedroom Premium: 12
    4 Bedroom: 4
    4 Bedroom Premium: 30
    4 Bedroom Premium + Study: 31
  ℹ️  No count change (151 units). Date refreshed.
━━━ arcady ━━━
  Available: 63 units (6 types)
    1 Bedroom + Study: 1
    2 Bedroom: 2
    2 Bedroom + Study: 26
    3 Bedroom Premium: 19
    3 Bedroom Premium + Study: 13
    Penthouse: 2
  ℹ️  No count change (63 units). Date refreshed.
━━━ hudsonplace ━━━
  Available: 85 units (8 types)
    2 Bedroom Premium: 17
    2 Bedroom Premium + Study: 9
    3 Bedroom Premium: 14
    3 Bedroom Premium + Study: 4
    4 Bedroom Suite + Flexi: 37
    5BR + Entertainment Room + Flexi: 1
    5BR + Study: 1
    6BR + Entertainment Room + Private Lift: 2
  ✅ Table updated → 85 units
━━━ lentor-gardens ━━━
  Available: 216 units (8 types)
    2 Bedroom + Study: 103
    2 Bedroom Premium: 35
    2 Bedroom Premium (HS): 1
    3 Bedroom Premium: 14
    3 Bedroom Premium + Study: 9
    4 Bedroom Compact: 16
    4 Bedroom Premium: 35
    Strata Terrace House: 3
  ℹ️  No count change (216 units). Date refreshed.
━━━ OneMarinaGardens ━━━
  Available: 271 units (5 types)
    2 Bedroom: 151
    3 Bedroom: 46
    3 Bedroom (Dual Key): 13
    3 Bedroom Premium: 52
    4 Bedroom Premium: 9
  ℹ️  No count change (271 units). Date refreshed.
━━━ unionsquare ━━━
  Available: 146 units (6 types)
    1 Bedroom: 21
    1 Bedroom + Study: 34
    2 Bedroom: 53
    2 Bedroom + Study: 10
    4 Bedroom Premium: 27
    Sky Suite: 1
  ℹ️  No count change (146 units). Date refreshed.
━━━ narraresidences ━━━
  Available: 325 units (11 types)
    2 Bedroom Compact: 7
    2 Bedroom Premium: 20
    2 Bedroom + Helper's Room: 43
    2 Bedroom + Helper's Room & Study: 3
    2 Bedroom + Study: 77
    3 Bedroom Flexi: 5
    3 Bedroom Premium: 70
    3 Bedroom + Study: 20
    4 Bedroom Compact: 29
    4 Bedroom Premium: 25
    5 Bedroom + Private Lift: 26
  ℹ️  No count change (325 units). Date refreshed.
━━━ velabay ━━━
  Available: 131 units (9 types)
    1 Bedroom + Study: 6
    2 Bedroom: 4
    2 Bedroom Premium: 8
    3 Bedroom: 8
    3 Bedroom Premium: 34
    4 Bedroom: 33
    4 Bedroom (Private Lift): 17
    5 Bedroom (Private Lift): 20
    Penthouse 2: 1
  ℹ️  No count change (131 units). Date refreshed.
━━━ thesen ━━━
  Available: 197 units (5 types)
    2 Bedroom: 51
    2 Bedroom + Study: 48
    3 Bedroom: 28
    3 Bedroom + Study: 36
    4 Bedroom + Study: 34
  ℹ️  No count change (197 units). Date refreshed.
━━━ thecontinuum ━━━
  Available: 16 units (2 types)
    4 Bedroom Premier: 2
    5 Bedroom: 14
  ℹ️  No count change (16 units). Date refreshed.
━━━ BelgraviaAce ━━━
  Available: 23 units (1 types)
    Semi-Detached: 23
  ℹ️  No count change (23 units). Date refreshed.
━━━ TheHillshore ━━━
  Available: 47 units (9 types)
    2 Bedroom: 6
    2 Bedroom Penthouse: 2
    2 Bedroom Premium: 7
    2 Bedroom Premium Penthouse: 2
    3 Bedroom: 18
    3 Bedroom Premium: 3
    3 Bedroom Premium Penthouse: 1
    4 Bedroom (Dual Key): 3
    4 Bedroom Penthouse: 5
  ℹ️  No count change (47 units). Date refreshed.
━━━ thecolletive ━━━
  Available: 268 units (10 types)
    1 Bedroom + Study: 31
    1 Bedroom Premium: 7
    1 Bedroom Suite: 56
    2 Bedroom Deluxe: 20
    2 Bedroom Deluxe + Study: 34
    2 Bedroom Premium: 61
    2 Bedroom Premium + Study: 17
    3 Bedroom Luxury: 17
    3 Bedroom Premium: 15
    Studio: 10
  ✅ price/index.html table + date updated
  ℹ️  No count change (268 units). Date refreshed.

=== Uploading to FTP ===
  bagnallhous: ✅ uploaded
  TheOrie: ✅ uploaded
  upperhouse: ✅ uploaded
  promenadepeak: ✅ uploaded
  zyongrand: ✅ uploaded
  rivergreen: ✅ uploaded
  newportresidences: ✅ uploaded
  sophiameadow: ✅ uploaded
  elta: ✅ uploaded
  dunearnhouse: ✅ uploaded
  arcady: ✅ uploaded
  hudsonplace: ✅ uploaded
  lentor-gardens: ✅ uploaded
  OneMarinaGardens: ✅ uploaded
  unionsquare: ✅ uploaded
  narraresidences: ✅ uploaded
  velabay: ✅ uploaded
  thesen: ✅ uploaded
  thecontinuum: ✅ uploaded
  BelgraviaAce: ✅ uploaded
  TheHillshore: ✅ uploaded
  ✅ /theColletive/price/index.html uploaded
  thecolletive: ✅ uploaded

✅ State saved.
  Telegram notify: HTTP 200

=== Balance Units Auto-Update ===
Time: 22/08/2026, 5:00:02 pm

━━━ bagnallhous ━━━
  Available: 9 units (4 types)
    1BR + Flexi: 2
    4 Bedroom: 4
    4BR + Flexi: 1
    5 Bedroom: 2
  ℹ️  No count change (9 units). Date refreshed.
━━━ TheOrie ━━━
  Available: 35 units (2 types)
    1 Bedroom + Study: 28
    3 Bedroom Dual Key: 7
  ℹ️  No count change (35 units). Date refreshed.
━━━ upperhouse ━━━
  Available: 54 units (3 types)
    1 Bedroom + Study: 26
    2 Bedroom Premium: 18
    4 Bedroom Suite (Private Lift): 10
  ℹ️  No count change (54 units). Date refreshed.
━━━ promenadepeak ━━━
  Available: 159 units (7 types)
    1 Bedroom + Study: 37
    2 Bedroom: 18
    2 Bedroom + Study: 63
    3 Bedroom: 3
    3 Bedroom Premium (Private Lift): 5
    4 Bedroom Premium (Private Lift): 18
    5 Bedroom Premium (Private Lift): 15
  ℹ️  No count change (159 units). Date refreshed.
━━━ zyongrand ━━━
  Available: 70 units (6 types)
    1 Bedroom + Study: 27
    2 Bedroom Premium + Study: 9
    3 Bedroom: 4
    4 Bedroom Supreme + Study: 11
    5 Bedroom Supreme: 18
    Penthouse (5BR + Private Lift): 1
  ℹ️  No count change (70 units). Date refreshed.
━━━ rivergreen ━━━
  Available: 27 units (5 types)
    1 Bedroom: 14
    1 Bedroom + Study: 2
    2 Bedroom (Premium): 8
    2 Bedroom + Study: 1
    3 Bedroom: 2
  ℹ️  No count change (27 units). Date refreshed.
━━━ newportresidences ━━━
  Available: 43 units (6 types)
    1 Bedroom: 10
    1 Bedroom + Study: 9
    3 Bedroom: 2
    3 Bedroom Premium: 4
    4 Bedroom Premium: 17
    Super Penthouse: 1
  ℹ️  No count change (43 units). Date refreshed.
━━━ sophiameadow ━━━
  Available: 41 units (4 types)
    1 Bedroom: 10
    1 Bedroom + Study: 4
    2 Bedroom: 17
    3 Bedroom: 10
  ℹ️  No count change (41 units). Date refreshed.
━━━ elta ━━━
  Available: 84 units (7 types)
    1 Bedroom + Study: 4
    3 Bedroom: 2
    4 Bedroom: 7
    4 Bedroom + Study: 21
    4 Bedroom Dual Key: 20
    4 Bedroom Premium: 6
    5 Bedroom: 24
  ℹ️  No count change (84 units). Date refreshed.
━━━ dunearnhouse ━━━
  Available: 151 units (8 types)
    2 Bedroom: 22
    2 Bedroom + Study: 8
    2 Bedroom Premium: 43
    3 Bedroom + Study: 1
    3 Bedroom Premium: 12
    4 Bedroom: 4
    4 Bedroom Premium: 30
    4 Bedroom Premium + Study: 31
  ℹ️  No count change (151 units). Date refreshed.
━━━ arcady ━━━
  Available: 63 units (6 types)
    1 Bedroom + Study: 1
    2 Bedroom: 2
    2 Bedroom + Study: 26
    3 Bedroom Premium: 19
    3 Bedroom Premium + Study: 13
    Penthouse: 2
  ℹ️  No count change (63 units). Date refreshed.
━━━ hudsonplace ━━━
  Available: 85 units (8 types)
    2 Bedroom Premium: 17
    2 Bedroom Premium + Study: 9
    3 Bedroom Premium: 14
    3 Bedroom Premium + Study: 4
    4 Bedroom Suite + Flexi: 37
    5BR + Entertainment Room + Flexi: 1
    5BR + Study: 1
    6BR + Entertainment Room + Private Lift: 2
  ℹ️  No count change (85 units). Date refreshed.
━━━ lentor-gardens ━━━
  Available: 216 units (8 types)
    2 Bedroom + Study: 103
    2 Bedroom Premium: 35
    2 Bedroom Premium (HS): 1
    3 Bedroom Premium: 14
    3 Bedroom Premium + Study: 9
    4 Bedroom Compact: 16
    4 Bedroom Premium: 35
    Strata Terrace House: 3
  ℹ️  No count change (216 units). Date refreshed.
━━━ OneMarinaGardens ━━━
  Available: 271 units (5 types)
    2 Bedroom: 151
    3 Bedroom: 46
    3 Bedroom (Dual Key): 13
    3 Bedroom Premium: 52
    4 Bedroom Premium: 9
  ℹ️  No count change (271 units). Date refreshed.
━━━ unionsquare ━━━
  Available: 146 units (6 types)
    1 Bedroom: 21
    1 Bedroom + Study: 34
    2 Bedroom: 53
    2 Bedroom + Study: 10
    4 Bedroom Premium: 27
    Sky Suite: 1
  ℹ️  No count change (146 units). Date refreshed.
━━━ narraresidences ━━━
  Available: 325 units (11 types)
    2 Bedroom Compact: 7
    2 Bedroom Premium: 20
    2 Bedroom + Helper's Room: 43
    2 Bedroom + Helper's Room & Study: 3
    2 Bedroom + Study: 77
    3 Bedroom Flexi: 5
    3 Bedroom Premium: 70
    3 Bedroom + Study: 20
    4 Bedroom Compact: 29
    4 Bedroom Premium: 25
    5 Bedroom + Private Lift: 26
  ℹ️  No count change (325 units). Date refreshed.
━━━ velabay ━━━
  Available: 131 units (9 types)
    1 Bedroom + Study: 6
    2 Bedroom: 4
    2 Bedroom Premium: 8
    3 Bedroom: 8
    3 Bedroom Premium: 34
    4 Bedroom: 33
    4 Bedroom (Private Lift): 17
    5 Bedroom (Private Lift): 20
    Penthouse 2: 1
  ℹ️  No count change (131 units). Date refreshed.
━━━ thesen ━━━
  Available: 197 units (5 types)
    2 Bedroom: 51
    2 Bedroom + Study: 48
    3 Bedroom: 28
    3 Bedroom + Study: 36
    4 Bedroom + Study: 34
  ℹ️  No count change (197 units). Date refreshed.
━━━ thecontinuum ━━━
  Available: 16 units (2 types)
    4 Bedroom Premier: 2
    5 Bedroom: 14
  ℹ️  No count change (16 units). Date refreshed.
━━━ BelgraviaAce ━━━
  Available: 23 units (1 types)
    Semi-Detached: 23
  ℹ️  No count change (23 units). Date refreshed.
━━━ TheHillshore ━━━
  Available: 47 units (9 types)
    2 Bedroom: 6
    2 Bedroom Penthouse: 2
    2 Bedroom Premium: 7
    2 Bedroom Premium Penthouse: 2
    3 Bedroom: 18
    3 Bedroom Premium: 3
    3 Bedroom Premium Penthouse: 1
    4 Bedroom (Dual Key): 3
    4 Bedroom Penthouse: 5
  ℹ️  No count change (47 units). Date refreshed.
━━━ thecolletive ━━━
  Available: 268 units (10 types)
    1 Bedroom + Study: 31
    1 Bedroom Premium: 7
    1 Bedroom Suite: 56
    2 Bedroom Deluxe: 20
    2 Bedroom Deluxe + Study: 34
    2 Bedroom Premium: 61
    2 Bedroom Premium + Study: 17
    3 Bedroom Luxury: 17
    3 Bedroom Premium: 15
    Studio: 10
  ✅ price/index.html table + date updated
  ℹ️  No count change (268 units). Date refreshed.

=== Uploading to FTP ===
  bagnallhous: ✅ uploaded
  TheOrie: ✅ uploaded
  upperhouse: ✅ uploaded
  promenadepeak: ✅ uploaded
  zyongrand: ✅ uploaded
  rivergreen: ✅ uploaded
  newportresidences: ✅ uploaded
  sophiameadow: ✅ uploaded
  elta: ✅ uploaded
  dunearnhouse: ✅ uploaded
  arcady: ✅ uploaded
  hudsonplace: ✅ uploaded
  lentor-gardens: ✅ uploaded
  OneMarinaGardens: ✅ uploaded
  unionsquare: ✅ uploaded
  narraresidences: ✅ uploaded
  velabay: ✅ uploaded
  thesen: ✅ uploaded
  thecontinuum: ✅ uploaded
  BelgraviaAce: ✅ uploaded
  TheHillshore: ✅ uploaded
  ✅ /theColletive/price/index.html uploaded
  thecolletive: ✅ uploaded

✅ State saved.
No changes to report.

=== Balance Units Auto-Update ===
Time: 23/08/2026, 5:00:02 pm

━━━ bagnallhous ━━━
  Available: 9 units (4 types)
    1BR + Flexi: 2
    4 Bedroom: 4
    4BR + Flexi: 1
    5 Bedroom: 2
  ℹ️  No count change (9 units). Date refreshed.
━━━ TheOrie ━━━
  Available: 35 units (2 types)
    1 Bedroom + Study: 28
    3 Bedroom Dual Key: 7
  ℹ️  No count change (35 units). Date refreshed.
━━━ upperhouse ━━━
  Available: 54 units (3 types)
    1 Bedroom + Study: 26
    2 Bedroom Premium: 18
    4 Bedroom Suite (Private Lift): 10
  ℹ️  No count change (54 units). Date refreshed.
━━━ promenadepeak ━━━
  Available: 159 units (7 types)
    1 Bedroom + Study: 37
    2 Bedroom: 18
    2 Bedroom + Study: 63
    3 Bedroom: 3
    3 Bedroom Premium (Private Lift): 5
    4 Bedroom Premium (Private Lift): 18
    5 Bedroom Premium (Private Lift): 15
  ℹ️  No count change (159 units). Date refreshed.
━━━ zyongrand ━━━
  Available: 70 units (6 types)
    1 Bedroom + Study: 27
    2 Bedroom Premium + Study: 9
    3 Bedroom: 4
    4 Bedroom Supreme + Study: 11
    5 Bedroom Supreme: 18
    Penthouse (5BR + Private Lift): 1
  ℹ️  No count change (70 units). Date refreshed.
━━━ rivergreen ━━━
  Available: 27 units (5 types)
    1 Bedroom: 14
    1 Bedroom + Study: 2
    2 Bedroom (Premium): 8
    2 Bedroom + Study: 1
    3 Bedroom: 2
  ℹ️  No count change (27 units). Date refreshed.
━━━ newportresidences ━━━
  Available: 43 units (6 types)
    1 Bedroom: 10
    1 Bedroom + Study: 9
    3 Bedroom: 2
    3 Bedroom Premium: 4
    4 Bedroom Premium: 17
    Super Penthouse: 1
  ℹ️  No count change (43 units). Date refreshed.
━━━ sophiameadow ━━━
  Available: 41 units (4 types)
    1 Bedroom: 10
    1 Bedroom + Study: 4
    2 Bedroom: 17
    3 Bedroom: 10
  ℹ️  No count change (41 units). Date refreshed.
━━━ elta ━━━
  Available: 84 units (7 types)
    1 Bedroom + Study: 4
    3 Bedroom: 2
    4 Bedroom: 7
    4 Bedroom + Study: 21
    4 Bedroom Dual Key: 20
    4 Bedroom Premium: 6
    5 Bedroom: 24
  ℹ️  No count change (84 units). Date refreshed.
━━━ dunearnhouse ━━━
  Available: 150 units (8 types)
    2 Bedroom: 21
    2 Bedroom + Study: 8
    2 Bedroom Premium: 43
    3 Bedroom + Study: 1
    3 Bedroom Premium: 12
    4 Bedroom: 4
    4 Bedroom Premium: 30
    4 Bedroom Premium + Study: 31
  ✅ Table updated → 150 units
━━━ arcady ━━━
  Available: 63 units (6 types)
    1 Bedroom + Study: 1
    2 Bedroom: 2
    2 Bedroom + Study: 26
    3 Bedroom Premium: 19
    3 Bedroom Premium + Study: 13
    Penthouse: 2
  ℹ️  No count change (63 units). Date refreshed.
━━━ hudsonplace ━━━
  Available: 85 units (8 types)
    2 Bedroom Premium: 17
    2 Bedroom Premium + Study: 9
    3 Bedroom Premium: 14
    3 Bedroom Premium + Study: 4
    4 Bedroom Suite + Flexi: 37
    5BR + Entertainment Room + Flexi: 1
    5BR + Study: 1
    6BR + Entertainment Room + Private Lift: 2
  ℹ️  No count change (85 units). Date refreshed.
━━━ lentor-gardens ━━━
  Available: 216 units (8 types)
    2 Bedroom + Study: 103
    2 Bedroom Premium: 35
    2 Bedroom Premium (HS): 1
    3 Bedroom Premium: 14
    3 Bedroom Premium + Study: 9
    4 Bedroom Compact: 16
    4 Bedroom Premium: 35
    Strata Terrace House: 3
  ℹ️  No count change (216 units). Date refreshed.
━━━ OneMarinaGardens ━━━
  Available: 271 units (5 types)
    2 Bedroom: 151
    3 Bedroom: 46
    3 Bedroom (Dual Key): 13
    3 Bedroom Premium: 52
    4 Bedroom Premium: 9
  ℹ️  No count change (271 units). Date refreshed.
━━━ unionsquare ━━━
  Available: 146 units (6 types)
    1 Bedroom: 21
    1 Bedroom + Study: 34
    2 Bedroom: 53
    2 Bedroom + Study: 10
    4 Bedroom Premium: 27
    Sky Suite: 1
  ℹ️  No count change (146 units). Date refreshed.
━━━ narraresidences ━━━
  Available: 325 units (11 types)
    2 Bedroom Compact: 7
    2 Bedroom Premium: 20
    2 Bedroom + Helper's Room: 43
    2 Bedroom + Helper's Room & Study: 3
    2 Bedroom + Study: 77
    3 Bedroom Flexi: 5
    3 Bedroom Premium: 70
    3 Bedroom + Study: 20
    4 Bedroom Compact: 29
    4 Bedroom Premium: 25
    5 Bedroom + Private Lift: 26
  ℹ️  No count change (325 units). Date refreshed.
━━━ velabay ━━━
  Available: 131 units (9 types)
    1 Bedroom + Study: 6
    2 Bedroom: 4
    2 Bedroom Premium: 8
    3 Bedroom: 8
    3 Bedroom Premium: 34
    4 Bedroom: 33
    4 Bedroom (Private Lift): 17
    5 Bedroom (Private Lift): 20
    Penthouse 2: 1
  ℹ️  No count change (131 units). Date refreshed.
━━━ thesen ━━━
  Available: 197 units (5 types)
    2 Bedroom: 51
    2 Bedroom + Study: 48
    3 Bedroom: 28
    3 Bedroom + Study: 36
    4 Bedroom + Study: 34
  ℹ️  No count change (197 units). Date refreshed.
━━━ thecontinuum ━━━
  Available: 15 units (2 types)
    4 Bedroom Premier: 2
    5 Bedroom: 13
  ✅ Table updated → 15 units
━━━ BelgraviaAce ━━━
  Available: 23 units (1 types)
    Semi-Detached: 23
  ℹ️  No count change (23 units). Date refreshed.
━━━ TheHillshore ━━━
  Available: 47 units (9 types)
    2 Bedroom: 6
    2 Bedroom Penthouse: 2
    2 Bedroom Premium: 7
    2 Bedroom Premium Penthouse: 2
    3 Bedroom: 18
    3 Bedroom Premium: 3
    3 Bedroom Premium Penthouse: 1
    4 Bedroom (Dual Key): 3
    4 Bedroom Penthouse: 5
  ℹ️  No count change (47 units). Date refreshed.
━━━ thecolletive ━━━
  Available: 268 units (10 types)
    1 Bedroom + Study: 31
    1 Bedroom Premium: 7
    1 Bedroom Suite: 56
    2 Bedroom Deluxe: 20
    2 Bedroom Deluxe + Study: 34
    2 Bedroom Premium: 61
    2 Bedroom Premium + Study: 17
    3 Bedroom Luxury: 17
    3 Bedroom Premium: 15
    Studio: 10
  ✅ price/index.html table + date updated
  ℹ️  No count change (268 units). Date refreshed.

=== Uploading to FTP ===
  bagnallhous: ✅ uploaded
  TheOrie: ✅ uploaded
  upperhouse: ✅ uploaded
  promenadepeak: ✅ uploaded
  zyongrand: ✅ uploaded
  rivergreen: ✅ uploaded
  newportresidences: ✅ uploaded
  sophiameadow: ✅ uploaded
  elta: ✅ uploaded
  dunearnhouse: ✅ uploaded
  arcady: ✅ uploaded
  hudsonplace: ✅ uploaded
  lentor-gardens: ✅ uploaded
  OneMarinaGardens: ✅ uploaded
  unionsquare: ✅ uploaded
  narraresidences: ✅ uploaded
  velabay: ✅ uploaded
  thesen: ✅ uploaded
  thecontinuum: ✅ uploaded
  BelgraviaAce: ✅ uploaded
  TheHillshore: ✅ uploaded
  ✅ /theColletive/price/index.html uploaded
  thecolletive: ✅ uploaded

✅ State saved.
  Telegram notify: HTTP 200

=== Balance Units Auto-Update ===
Time: 24/08/2026, 5:00:02 pm

━━━ bagnallhous ━━━
  Available: 9 units (4 types)
    1BR + Flexi: 2
    4 Bedroom: 4
    4BR + Flexi: 1
    5 Bedroom: 2
  ℹ️  No count change (9 units). Date refreshed.
━━━ TheOrie ━━━
  Available: 35 units (2 types)
    1 Bedroom + Study: 28
    3 Bedroom Dual Key: 7
  ℹ️  No count change (35 units). Date refreshed.
━━━ upperhouse ━━━
  Available: 54 units (3 types)
    1 Bedroom + Study: 26
    2 Bedroom Premium: 18
    4 Bedroom Suite (Private Lift): 10
  ℹ️  No count change (54 units). Date refreshed.
━━━ promenadepeak ━━━
  Available: 159 units (7 types)
    1 Bedroom + Study: 37
    2 Bedroom: 18
    2 Bedroom + Study: 63
    3 Bedroom: 3
    3 Bedroom Premium (Private Lift): 5
    4 Bedroom Premium (Private Lift): 18
    5 Bedroom Premium (Private Lift): 15
  ℹ️  No count change (159 units). Date refreshed.
━━━ zyongrand ━━━
  Available: 70 units (6 types)
    1 Bedroom + Study: 27
    2 Bedroom Premium + Study: 9
    3 Bedroom: 4
    4 Bedroom Supreme + Study: 11
    5 Bedroom Supreme: 18
    Penthouse (5BR + Private Lift): 1
  ℹ️  No count change (70 units). Date refreshed.
━━━ rivergreen ━━━
  Available: 27 units (5 types)
    1 Bedroom: 14
    1 Bedroom + Study: 2
    2 Bedroom (Premium): 8
    2 Bedroom + Study: 1
    3 Bedroom: 2
  ℹ️  No count change (27 units). Date refreshed.
━━━ newportresidences ━━━
  Available: 43 units (6 types)
    1 Bedroom: 10
    1 Bedroom + Study: 9
    3 Bedroom: 2
    3 Bedroom Premium: 4
    4 Bedroom Premium: 17
    Super Penthouse: 1
  ℹ️  No count change (43 units). Date refreshed.
━━━ sophiameadow ━━━
  Available: 41 units (4 types)
    1 Bedroom: 10
    1 Bedroom + Study: 4
    2 Bedroom: 17
    3 Bedroom: 10
  ℹ️  No count change (41 units). Date refreshed.
━━━ elta ━━━
  Available: 84 units (7 types)
    1 Bedroom + Study: 4
    3 Bedroom: 2
    4 Bedroom: 7
    4 Bedroom + Study: 21
    4 Bedroom Dual Key: 20
    4 Bedroom Premium: 6
    5 Bedroom: 24
  ℹ️  No count change (84 units). Date refreshed.
━━━ dunearnhouse ━━━
  Available: 149 units (8 types)
    2 Bedroom: 21
    2 Bedroom + Study: 8
    2 Bedroom Premium: 43
    3 Bedroom + Study: 1
    3 Bedroom Premium: 12
    4 Bedroom: 4
    4 Bedroom Premium: 30
    4 Bedroom Premium + Study: 30
  ✅ Table updated → 149 units
━━━ arcady ━━━
  Available: 63 units (6 types)
    1 Bedroom + Study: 1
    2 Bedroom: 2
    2 Bedroom + Study: 26
    3 Bedroom Premium: 19
    3 Bedroom Premium + Study: 13
    Penthouse: 2
  ℹ️  No count change (63 units). Date refreshed.
━━━ hudsonplace ━━━
  Available: 85 units (8 types)
    2 Bedroom Premium: 17
    2 Bedroom Premium + Study: 9
    3 Bedroom Premium: 14
    3 Bedroom Premium + Study: 4
    4 Bedroom Suite + Flexi: 37
    5BR + Entertainment Room + Flexi: 1
    5BR + Study: 1
    6BR + Entertainment Room + Private Lift: 2
  ℹ️  No count change (85 units). Date refreshed.
━━━ lentor-gardens ━━━
  Available: 216 units (8 types)
    2 Bedroom + Study: 103
    2 Bedroom Premium: 35
    2 Bedroom Premium (HS): 1
    3 Bedroom Premium: 14
    3 Bedroom Premium + Study: 9
    4 Bedroom Compact: 16
    4 Bedroom Premium: 35
    Strata Terrace House: 3
  ℹ️  No count change (216 units). Date refreshed.
━━━ OneMarinaGardens ━━━
  Available: 271 units (5 types)
    2 Bedroom: 151
    3 Bedroom: 46
    3 Bedroom (Dual Key): 13
    3 Bedroom Premium: 52
    4 Bedroom Premium: 9
  ℹ️  No count change (271 units). Date refreshed.
━━━ unionsquare ━━━
  Available: 145 units (6 types)
    1 Bedroom: 21
    1 Bedroom + Study: 34
    2 Bedroom: 52
    2 Bedroom + Study: 10
    4 Bedroom Premium: 27
    Sky Suite: 1
  ✅ Table updated → 145 units
━━━ narraresidences ━━━
  Available: 325 units (11 types)
    2 Bedroom Compact: 7
    2 Bedroom Premium: 20
    2 Bedroom + Helper's Room: 43
    2 Bedroom + Helper's Room & Study: 3
    2 Bedroom + Study: 77
    3 Bedroom Flexi: 5
    3 Bedroom Premium: 70
    3 Bedroom + Study: 20
    4 Bedroom Compact: 29
    4 Bedroom Premium: 25
    5 Bedroom + Private Lift: 26
  ℹ️  No count change (325 units). Date refreshed.
━━━ velabay ━━━
  Available: 131 units (9 types)
    1 Bedroom + Study: 6
    2 Bedroom: 4
    2 Bedroom Premium: 8
    3 Bedroom: 8
    3 Bedroom Premium: 34
    4 Bedroom: 33
    4 Bedroom (Private Lift): 17
    5 Bedroom (Private Lift): 20
    Penthouse 2: 1
  ℹ️  No count change (131 units). Date refreshed.
━━━ thesen ━━━
  Available: 196 units (5 types)
    2 Bedroom: 50
    2 Bedroom + Study: 48
    3 Bedroom: 28
    3 Bedroom + Study: 36
    4 Bedroom + Study: 34
  ✅ Table updated → 196 units
━━━ thecontinuum ━━━
  Available: 15 units (2 types)
    4 Bedroom Premier: 2
    5 Bedroom: 13
  ℹ️  No count change (15 units). Date refreshed.
━━━ BelgraviaAce ━━━
  Available: 23 units (1 types)
    Semi-Detached: 23
  ℹ️  No count change (23 units). Date refreshed.
━━━ TheHillshore ━━━
  Available: 47 units (9 types)
    2 Bedroom: 6
    2 Bedroom Penthouse: 2
    2 Bedroom Premium: 7
    2 Bedroom Premium Penthouse: 2
    3 Bedroom: 18
    3 Bedroom Premium: 3
    3 Bedroom Premium Penthouse: 1
    4 Bedroom (Dual Key): 3
    4 Bedroom Penthouse: 5
  ℹ️  No count change (47 units). Date refreshed.
━━━ thecolletive ━━━
  Available: 268 units (10 types)
    1 Bedroom + Study: 31
    1 Bedroom Premium: 7
    1 Bedroom Suite: 56
    2 Bedroom Deluxe: 20
    2 Bedroom Deluxe + Study: 34
    2 Bedroom Premium: 61
    2 Bedroom Premium + Study: 17
    3 Bedroom Luxury: 17
    3 Bedroom Premium: 15
    Studio: 10
  ✅ price/index.html table + date updated
  ℹ️  No count change (268 units). Date refreshed.

=== Uploading to FTP ===
  bagnallhous: ✅ uploaded
  TheOrie: ✅ uploaded
  upperhouse: ✅ uploaded
  promenadepeak: ✅ uploaded
  zyongrand: ✅ uploaded
  rivergreen: ✅ uploaded
  newportresidences: ✅ uploaded
  sophiameadow: ✅ uploaded
  elta: ✅ uploaded
  dunearnhouse: ✅ uploaded
  arcady: ✅ uploaded
  hudsonplace: ✅ uploaded
  lentor-gardens: ✅ uploaded
  OneMarinaGardens: ✅ uploaded
  unionsquare: ✅ uploaded
  narraresidences: ✅ uploaded
  velabay: ✅ uploaded
  thesen: ✅ uploaded
  thecontinuum: ✅ uploaded
  BelgraviaAce: ✅ uploaded
  TheHillshore: ✅ uploaded
  ✅ /theColletive/price/index.html uploaded
  thecolletive: ✅ uploaded

✅ State saved.
  Telegram notify: HTTP 200

=== Balance Units Auto-Update ===
Time: 25/08/2026, 5:00:02 pm

━━━ bagnallhous ━━━
  Available: 9 units (4 types)
    1BR + Flexi: 2
    4 Bedroom: 4
    4BR + Flexi: 1
    5 Bedroom: 2
  ℹ️  No count change (9 units). Date refreshed.
━━━ TheOrie ━━━
  Available: 35 units (2 types)
    1 Bedroom + Study: 28
    3 Bedroom Dual Key: 7
  ℹ️  No count change (35 units). Date refreshed.
━━━ upperhouse ━━━
  Available: 54 units (3 types)
    1 Bedroom + Study: 26
    2 Bedroom Premium: 18
    4 Bedroom Suite (Private Lift): 10
  ℹ️  No count change (54 units). Date refreshed.
━━━ promenadepeak ━━━
  Available: 159 units (7 types)
    1 Bedroom + Study: 37
    2 Bedroom: 18
    2 Bedroom + Study: 63
    3 Bedroom: 3
    3 Bedroom Premium (Private Lift): 5
    4 Bedroom Premium (Private Lift): 18
    5 Bedroom Premium (Private Lift): 15
  ℹ️  No count change (159 units). Date refreshed.
━━━ zyongrand ━━━
  Available: 70 units (6 types)
    1 Bedroom + Study: 27
    2 Bedroom Premium + Study: 9
    3 Bedroom: 4
    4 Bedroom Supreme + Study: 11
    5 Bedroom Supreme: 18
    Penthouse (5BR + Private Lift): 1
  ℹ️  No count change (70 units). Date refreshed.
━━━ rivergreen ━━━
  Available: 27 units (5 types)
    1 Bedroom: 14
    1 Bedroom + Study: 2
    2 Bedroom (Premium): 8
    2 Bedroom + Study: 1
    3 Bedroom: 2
  ℹ️  No count change (27 units). Date refreshed.
━━━ newportresidences ━━━
  Available: 43 units (6 types)
    1 Bedroom: 10
    1 Bedroom + Study: 9
    3 Bedroom: 2
    3 Bedroom Premium: 4
    4 Bedroom Premium: 17
    Super Penthouse: 1
  ℹ️  No count change (43 units). Date refreshed.
━━━ sophiameadow ━━━
  Available: 41 units (4 types)
    1 Bedroom: 10
    1 Bedroom + Study: 4
    2 Bedroom: 17
    3 Bedroom: 10
  ℹ️  No count change (41 units). Date refreshed.
━━━ elta ━━━
  Available: 84 units (7 types)
    1 Bedroom + Study: 4
    3 Bedroom: 2
    4 Bedroom: 7
    4 Bedroom + Study: 21
    4 Bedroom Dual Key: 20
    4 Bedroom Premium: 6
    5 Bedroom: 24
  ℹ️  No count change (84 units). Date refreshed.
━━━ dunearnhouse ━━━
  Available: 149 units (8 types)
    2 Bedroom: 21
    2 Bedroom + Study: 8
    2 Bedroom Premium: 43
    3 Bedroom + Study: 1
    3 Bedroom Premium: 12
    4 Bedroom: 4
    4 Bedroom Premium: 30
    4 Bedroom Premium + Study: 30
  ℹ️  No count change (149 units). Date refreshed.
━━━ arcady ━━━
  Available: 63 units (6 types)
    1 Bedroom + Study: 1
    2 Bedroom: 2
    2 Bedroom + Study: 26
    3 Bedroom Premium: 19
    3 Bedroom Premium + Study: 13
    Penthouse: 2
  ℹ️  No count change (63 units). Date refreshed.
━━━ hudsonplace ━━━
  Available: 84 units (8 types)
    2 Bedroom Premium: 17
    2 Bedroom Premium + Study: 8
    3 Bedroom Premium: 14
    3 Bedroom Premium + Study: 4
    4 Bedroom Suite + Flexi: 37
    5BR + Entertainment Room + Flexi: 1
    5BR + Study: 1
    6BR + Entertainment Room + Private Lift: 2
  ✅ Table updated → 84 units
━━━ lentor-gardens ━━━
  Available: 217 units (8 types)
    2 Bedroom + Study: 103
    2 Bedroom Premium: 35
    2 Bedroom Premium (HS): 1
    3 Bedroom Premium: 14
    3 Bedroom Premium + Study: 9
    4 Bedroom Compact: 17
    4 Bedroom Premium: 35
    Strata Terrace House: 3
  ✅ Table updated → 217 units
━━━ OneMarinaGardens ━━━
  Available: 272 units (5 types)
    2 Bedroom: 151
    3 Bedroom: 46
    3 Bedroom (Dual Key): 14
    3 Bedroom Premium: 52
    4 Bedroom Premium: 9
  ✅ Table updated → 272 units
━━━ unionsquare ━━━
  Available: 145 units (6 types)
    1 Bedroom: 21
    1 Bedroom + Study: 34
    2 Bedroom: 52
    2 Bedroom + Study: 10
    4 Bedroom Premium: 27
    Sky Suite: 1
  ℹ️  No count change (145 units). Date refreshed.
━━━ narraresidences ━━━
  Available: 325 units (11 types)
    2 Bedroom Compact: 7
    2 Bedroom Premium: 20
    2 Bedroom + Helper's Room: 43
    2 Bedroom + Helper's Room & Study: 3
    2 Bedroom + Study: 77
    3 Bedroom Flexi: 5
    3 Bedroom Premium: 70
    3 Bedroom + Study: 20
    4 Bedroom Compact: 29
    4 Bedroom Premium: 25
    5 Bedroom + Private Lift: 26
  ℹ️  No count change (325 units). Date refreshed.
━━━ velabay ━━━
  Available: 131 units (9 types)
    1 Bedroom + Study: 6
    2 Bedroom: 4
    2 Bedroom Premium: 8
    3 Bedroom: 8
    3 Bedroom Premium: 34
    4 Bedroom: 33
    4 Bedroom (Private Lift): 17
    5 Bedroom (Private Lift): 20
    Penthouse 2: 1
  ℹ️  No count change (131 units). Date refreshed.
━━━ thesen ━━━
  Available: 194 units (5 types)
    2 Bedroom: 49
    2 Bedroom + Study: 48
    3 Bedroom: 27
    3 Bedroom + Study: 36
    4 Bedroom + Study: 34
  ✅ Table updated → 194 units
━━━ thecontinuum ━━━
  Available: 15 units (2 types)
    4 Bedroom Premier: 2
    5 Bedroom: 13
  ℹ️  No count change (15 units). Date refreshed.
━━━ BelgraviaAce ━━━
  Available: 23 units (1 types)
    Semi-Detached: 23
  ℹ️  No count change (23 units). Date refreshed.
━━━ TheHillshore ━━━
  Available: 47 units (9 types)
    2 Bedroom: 6
    2 Bedroom Penthouse: 2
    2 Bedroom Premium: 7
    2 Bedroom Premium Penthouse: 2
    3 Bedroom: 18
    3 Bedroom Premium: 3
    3 Bedroom Premium Penthouse: 1
    4 Bedroom (Dual Key): 3
    4 Bedroom Penthouse: 5
  ℹ️  No count change (47 units). Date refreshed.
━━━ thecolletive ━━━
  Available: 268 units (10 types)
    1 Bedroom + Study: 31
    1 Bedroom Premium: 7
    1 Bedroom Suite: 56
    2 Bedroom Deluxe: 20
    2 Bedroom Deluxe + Study: 34
    2 Bedroom Premium: 61
    2 Bedroom Premium + Study: 17
    3 Bedroom Luxury: 17
    3 Bedroom Premium: 15
    Studio: 10
  ✅ price/index.html table + date updated
  ℹ️  No count change (268 units). Date refreshed.

=== Uploading to FTP ===
  bagnallhous: ✅ uploaded
  TheOrie: ✅ uploaded
  upperhouse: ✅ uploaded
  promenadepeak: ✅ uploaded
  zyongrand: ✅ uploaded
  rivergreen: ✅ uploaded
  newportresidences: ✅ uploaded
  sophiameadow: ✅ uploaded
  elta: ✅ uploaded
  dunearnhouse: ✅ uploaded
  arcady: ✅ uploaded
  hudsonplace: ✅ uploaded
  lentor-gardens: ✅ uploaded
  OneMarinaGardens: ✅ uploaded
  unionsquare: ✅ uploaded
  narraresidences: ✅ uploaded
  velabay: ✅ uploaded
  thesen: ✅ uploaded
  thecontinuum: ✅ uploaded
  BelgraviaAce: ✅ uploaded
  TheHillshore: ✅ uploaded
  ✅ /theColletive/price/index.html uploaded
  thecolletive: ✅ uploaded

✅ State saved.
  Telegram notify: HTTP 200

=== Balance Units Auto-Update ===
Time: 26/08/2026, 5:00:02 pm

━━━ bagnallhous ━━━
  Available: 9 units (4 types)
    1BR + Flexi: 2
    4 Bedroom: 4
    4BR + Flexi: 1
    5 Bedroom: 2
  ℹ️  No count change (9 units). Date refreshed.
━━━ TheOrie ━━━
  Available: 35 units (2 types)
    1 Bedroom + Study: 28
    3 Bedroom Dual Key: 7
  ℹ️  No count change (35 units). Date refreshed.
━━━ upperhouse ━━━
  Available: 54 units (3 types)
    1 Bedroom + Study: 26
    2 Bedroom Premium: 18
    4 Bedroom Suite (Private Lift): 10
  ℹ️  No count change (54 units). Date refreshed.
━━━ promenadepeak ━━━
  Available: 159 units (7 types)
    1 Bedroom + Study: 37
    2 Bedroom: 18
    2 Bedroom + Study: 63
    3 Bedroom: 3
    3 Bedroom Premium (Private Lift): 5
    4 Bedroom Premium (Private Lift): 18
    5 Bedroom Premium (Private Lift): 15
  ℹ️  No count change (159 units). Date refreshed.
━━━ zyongrand ━━━
  Available: 69 units (6 types)
    1 Bedroom + Study: 27
    2 Bedroom Premium + Study: 9
    3 Bedroom: 3
    4 Bedroom Supreme + Study: 11
    5 Bedroom Supreme: 18
    Penthouse (5BR + Private Lift): 1
  ✅ Table updated → 69 units
━━━ rivergreen ━━━
  Available: 27 units (5 types)
    1 Bedroom: 14
    1 Bedroom + Study: 2
    2 Bedroom (Premium): 8
    2 Bedroom + Study: 1
    3 Bedroom: 2
  ℹ️  No count change (27 units). Date refreshed.
━━━ newportresidences ━━━
  Available: 43 units (6 types)
    1 Bedroom: 10
    1 Bedroom + Study: 9
    3 Bedroom: 2
    3 Bedroom Premium: 4
    4 Bedroom Premium: 17
    Super Penthouse: 1
  ℹ️  No count change (43 units). Date refreshed.
━━━ sophiameadow ━━━
  Available: 41 units (4 types)
    1 Bedroom: 10
    1 Bedroom + Study: 4
    2 Bedroom: 17
    3 Bedroom: 10
  ℹ️  No count change (41 units). Date refreshed.
━━━ elta ━━━
  Available: 84 units (7 types)
    1 Bedroom + Study: 4
    3 Bedroom: 2
    4 Bedroom: 7
    4 Bedroom + Study: 21
    4 Bedroom Dual Key: 20
    4 Bedroom Premium: 6
    5 Bedroom: 24
  ℹ️  No count change (84 units). Date refreshed.
━━━ dunearnhouse ━━━
  Available: 150 units (8 types)
    2 Bedroom: 21
    2 Bedroom + Study: 8
    2 Bedroom Premium: 43
    3 Bedroom + Study: 1
    3 Bedroom Premium: 12
    4 Bedroom: 4
    4 Bedroom Premium: 31
    4 Bedroom Premium + Study: 30
  ✅ Table updated → 150 units
━━━ arcady ━━━
  Available: 63 units (6 types)
    1 Bedroom + Study: 1
    2 Bedroom: 2
    2 Bedroom + Study: 26
    3 Bedroom Premium: 19
    3 Bedroom Premium + Study: 13
    Penthouse: 2
  ℹ️  No count change (63 units). Date refreshed.
━━━ hudsonplace ━━━
  Available: 84 units (8 types)
    2 Bedroom Premium: 17
    2 Bedroom Premium + Study: 8
    3 Bedroom Premium: 14
    3 Bedroom Premium + Study: 4
    4 Bedroom Suite + Flexi: 37
    5BR + Entertainment Room + Flexi: 1
    5BR + Study: 1
    6BR + Entertainment Room + Private Lift: 2
  ℹ️  No count change (84 units). Date refreshed.
━━━ lentor-gardens ━━━
  Available: 217 units (8 types)
    2 Bedroom + Study: 103
    2 Bedroom Premium: 35
    2 Bedroom Premium (HS): 1
    3 Bedroom Premium: 14
    3 Bedroom Premium + Study: 9
    4 Bedroom Compact: 17
    4 Bedroom Premium: 35
    Strata Terrace House: 3
  ℹ️  No count change (217 units). Date refreshed.
━━━ OneMarinaGardens ━━━
  Available: 272 units (5 types)
    2 Bedroom: 151
    3 Bedroom: 46
    3 Bedroom (Dual Key): 14
    3 Bedroom Premium: 52
    4 Bedroom Premium: 9
  ℹ️  No count change (272 units). Date refreshed.
━━━ unionsquare ━━━
  Available: 145 units (6 types)
    1 Bedroom: 21
    1 Bedroom + Study: 34
    2 Bedroom: 52
    2 Bedroom + Study: 10
    4 Bedroom Premium: 27
    Sky Suite: 1
  ℹ️  No count change (145 units). Date refreshed.
━━━ narraresidences ━━━
  Available: 325 units (11 types)
    2 Bedroom Compact: 7
    2 Bedroom Premium: 20
    2 Bedroom + Helper's Room: 43
    2 Bedroom + Helper's Room & Study: 3
    2 Bedroom + Study: 77
    3 Bedroom Flexi: 5
    3 Bedroom Premium: 70
    3 Bedroom + Study: 20
    4 Bedroom Compact: 29
    4 Bedroom Premium: 25
    5 Bedroom + Private Lift: 26
  ℹ️  No count change (325 units). Date refreshed.
━━━ velabay ━━━
  Available: 131 units (9 types)
    1 Bedroom + Study: 6
    2 Bedroom: 4
    2 Bedroom Premium: 8
    3 Bedroom: 8
    3 Bedroom Premium: 34
    4 Bedroom: 33
    4 Bedroom (Private Lift): 17
    5 Bedroom (Private Lift): 20
    Penthouse 2: 1
  ℹ️  No count change (131 units). Date refreshed.
━━━ thesen ━━━
  Available: 194 units (5 types)
    2 Bedroom: 49
    2 Bedroom + Study: 48
    3 Bedroom: 27
    3 Bedroom + Study: 36
    4 Bedroom + Study: 34
  ℹ️  No count change (194 units). Date refreshed.
━━━ thecontinuum ━━━
  Available: 15 units (2 types)
    4 Bedroom Premier: 2
    5 Bedroom: 13
  ℹ️  No count change (15 units). Date refreshed.
━━━ BelgraviaAce ━━━
  Available: 23 units (1 types)
    Semi-Detached: 23
  ℹ️  No count change (23 units). Date refreshed.
━━━ TheHillshore ━━━
  Available: 47 units (9 types)
    2 Bedroom: 6
    2 Bedroom Penthouse: 2
    2 Bedroom Premium: 7
    2 Bedroom Premium Penthouse: 2
    3 Bedroom: 18
    3 Bedroom Premium: 3
    3 Bedroom Premium Penthouse: 1
    4 Bedroom (Dual Key): 3
    4 Bedroom Penthouse: 5
  ℹ️  No count change (47 units). Date refreshed.
━━━ thecolletive ━━━
  Available: 268 units (10 types)
    1 Bedroom + Study: 31
    1 Bedroom Premium: 7
    1 Bedroom Suite: 56
    2 Bedroom Deluxe: 20
    2 Bedroom Deluxe + Study: 34
    2 Bedroom Premium: 61
    2 Bedroom Premium + Study: 17
    3 Bedroom Luxury: 17
    3 Bedroom Premium: 15
    Studio: 10
  ✅ price/index.html table + date updated
  ℹ️  No count change (268 units). Date refreshed.

=== Uploading to FTP ===
  bagnallhous: ✅ uploaded
  TheOrie: ✅ uploaded
  upperhouse: ✅ uploaded
  promenadepeak: ✅ uploaded
  zyongrand: ✅ uploaded
  rivergreen: ✅ uploaded
  newportresidences: ✅ uploaded
  sophiameadow: ✅ uploaded
  elta: ✅ uploaded
  dunearnhouse: ✅ uploaded
  arcady: ✅ uploaded
  hudsonplace: ✅ uploaded
  lentor-gardens: ✅ uploaded
  OneMarinaGardens: ✅ uploaded
  unionsquare: ✅ uploaded
  narraresidences: ✅ uploaded
  velabay: ✅ uploaded
  thesen: ✅ uploaded
  thecontinuum: ✅ uploaded
  BelgraviaAce: ✅ uploaded
  TheHillshore: ✅ uploaded
  ✅ /theColletive/price/index.html uploaded
  thecolletive: ✅ uploaded

✅ State saved.
  Telegram notify: HTTP 200

=== Balance Units Auto-Update ===
Time: 27/08/2026, 5:00:03 pm

━━━ bagnallhous ━━━
  Available: 9 units (4 types)
    1BR + Flexi: 2
    4 Bedroom: 4
    4BR + Flexi: 1
    5 Bedroom: 2
  ❌ ENOSPC: no space left on device, write
━━━ TheOrie ━━━
  Available: 35 units (2 types)
    1 Bedroom + Study: 28
    3 Bedroom Dual Key: 7
  ❌ ENOSPC: no space left on device, write
━━━ upperhouse ━━━
  Available: 54 units (3 types)
    1 Bedroom + Study: 26
    2 Bedroom Premium: 18
    4 Bedroom Suite (Private Lift): 10
  ❌ ENOSPC: no space left on device, write
━━━ promenadepeak ━━━
  Available: 159 units (7 types)
    1 Bedroom + Study: 37
    2 Bedroom: 18
    2 Bedroom + Study: 63
    3 Bedroom: 3
    3 Bedroom Premium (Private Lift): 5
    4 Bedroom Premium (Private Lift): 18
    5 Bedroom Premium (Private Lift): 15
  ❌ ENOSPC: no space left on device, write
━━━ zyongrand ━━━
  Available: 69 units (6 types)
    1 Bedroom + Study: 27
    2 Bedroom Premium + Study: 9
    3 Bedroom: 3
    4 Bedroom Supreme + Study: 11
    5 Bedroom Supreme: 18
    Penthouse (5BR + Private Lift): 1
  ❌ ENOSPC: no space left on device, write
━━━ rivergreen ━━━
  Available: 27 units (5 types)
    1 Bedroom: 14
    1 Bedroom + Study: 2
    2 Bedroom (Premium): 8
    2 Bedroom + Study: 1
    3 Bedroom: 2
  ❌ ENOSPC: no space left on device, write
━━━ newportresidences ━━━
  Available: 43 units (6 types)
    1 Bedroom: 10
    1 Bedroom + Study: 9
    3 Bedroom: 2
    3 Bedroom Premium: 4
    4 Bedroom Premium: 17
    Super Penthouse: 1
  ❌ ENOSPC: no space left on device, write
━━━ sophiameadow ━━━
  Available: 41 units (4 types)
    1 Bedroom: 10
    1 Bedroom + Study: 4
    2 Bedroom: 17
    3 Bedroom: 10
  ❌ ENOSPC: no space left on device, write
━━━ elta ━━━
  Available: 84 units (7 types)
    1 Bedroom + Study: 4
    3 Bedroom: 2
    4 Bedroom: 7
    4 Bedroom + Study: 21
    4 Bedroom Dual Key: 20
    4 Bedroom Premium: 6
    5 Bedroom: 24
  ❌ ENOSPC: no space left on device, write
━━━ dunearnhouse ━━━
  Available: 150 units (8 types)
    2 Bedroom: 21
    2 Bedroom + Study: 8
    2 Bedroom Premium: 43
    3 Bedroom + Study: 1
    3 Bedroom Premium: 12
    4 Bedroom: 4
    4 Bedroom Premium: 31
    4 Bedroom Premium + Study: 30
  ❌ ENOSPC: no space left on device, write
━━━ arcady ━━━
  Available: 63 units (6 types)
    1 Bedroom + Study: 1
    2 Bedroom: 2
    2 Bedroom + Study: 26
    3 Bedroom Premium: 19
    3 Bedroom Premium + Study: 13
    Penthouse: 2
  ❌ ENOSPC: no space left on device, write
━━━ hudsonplace ━━━
  Available: 84 units (8 types)
    2 Bedroom Premium: 17
    2 Bedroom Premium + Study: 8
    3 Bedroom Premium: 14
    3 Bedroom Premium + Study: 4
    4 Bedroom Suite + Flexi: 37
    5BR + Entertainment Room + Flexi: 1
    5BR + Study: 1
    6BR + Entertainment Room + Private Lift: 2
  ❌ ENOSPC: no space left on device, write
━━━ lentor-gardens ━━━
  Available: 217 units (8 types)
    2 Bedroom + Study: 103
    2 Bedroom Premium: 35
    2 Bedroom Premium (HS): 1
    3 Bedroom Premium: 14
    3 Bedroom Premium + Study: 9
    4 Bedroom Compact: 17
    4 Bedroom Premium: 35
    S
=== Balance Units Auto-Update ===
Time: 03/09/2026, 5:00:02 pm

━━━ bagnallhous ━━━
  Available: 9 units (4 types)
    1BR + Flexi: 2
    4 Bedroom: 4
    4BR + Flexi: 1
    5 Bedroom: 2
  ⚠ bagnallhous: date marker not found
━━━ TheOrie ━━━
  Available: 35 units (2 types)
    1 Bedroom + Study: 28
    3 Bedroom Dual Key: 7
  ⚠ TheOrie: date marker not found
━━━ upperhouse ━━━
  Available: 54 units (3 types)
    1 Bedroom + Study: 26
    2 Bedroom Premium: 18
    4 Bedroom Suite (Private Lift): 10
  ⚠ upperhouse: date marker not found
━━━ promenadepeak ━━━
  Available: 158 units (7 types)
    1 Bedroom + Study: 37
    2 Bedroom: 18
    2 Bedroom + Study: 62
    3 Bedroom: 3
    3 Bedroom Premium (Private Lift): 5
    4 Bedroom Premium (Private Lift): 18
    5 Bedroom Premium (Private Lift): 15
  ⚠ promenadepeak: date marker not found
━━━ zyongrand ━━━
  Available: 69 units (6 types)
    1 Bedroom + Study: 27
    2 Bedroom Premium + Study: 9
    3 Bedroom: 3
    4 Bedroom Supreme + Study: 11
    5 Bedroom Supreme: 18
    Penthouse (5BR + Private Lift): 1
  ⚠ zyongrand: date marker not found
━━━ rivergreen ━━━
  Available: 27 units (5 types)
    1 Bedroom: 14
    1 Bedroom + Study: 2
    2 Bedroom (Premium): 8
    2 Bedroom + Study: 1
    3 Bedroom: 2
  ⚠ rivergreen: date marker not found
━━━ newportresidences ━━━
  Available: 43 units (6 types)
    1 Bedroom: 10
    1 Bedroom + Study: 9
    3 Bedroom: 2
    3 Bedroom Premium: 4
    4 Bedroom Premium: 17
    Super Penthouse: 1
  ⚠ newportresidences: date marker not found
━━━ sophiameadow ━━━
  Available: 41 units (4 types)
    1 Bedroom: 10
    1 Bedroom + Study: 4
    2 Bedroom: 17
    3 Bedroom: 10
  ⚠ sophiameadow: date marker not found
━━━ elta ━━━
  Available: 84 units (7 types)
    1 Bedroom + Study: 4
    3 Bedroom: 2
    4 Bedroom: 7
    4 Bedroom + Study: 21
    4 Bedroom Dual Key: 20
    4 Bedroom Premium: 6
    5 Bedroom: 24
  ⚠ elta: date marker not found
━━━ dunearnhouse ━━━
  Available: 150 units (8 types)
    2 Bedroom: 21
    2 Bedroom + Study: 8
    2 Bedroom Premium: 43
    3 Bedroom + Study: 1
    3 Bedroom Premium: 12
    4 Bedroom: 4
    4 Bedroom Premium: 31
    4 Bedroom Premium + Study: 30
  ⚠ dunearnhouse: date marker not found
━━━ arcady ━━━
  Available: 62 units (6 types)
    1 Bedroom + Study: 1
    2 Bedroom: 2
    2 Bedroom + Study: 25
    3 Bedroom Premium: 19
    3 Bedroom Premium + Study: 13
    Penthouse: 2
  ⚠ arcady: date marker not found
━━━ hudsonplace ━━━
  Available: 83 units (8 types)
    2 Bedroom Premium: 17
    2 Bedroom Premium + Study: 8
    3 Bedroom Premium: 13
    3 Bedroom Premium + Study: 4
    4 Bedroom Suite + Flexi: 37
    5BR + Entertainment Room + Flexi: 1
    5BR + Study: 1
    6BR + Entertainment Room + Private Lift: 2
  ⚠ hudsonplace: date marker not found
━━━ lentor-gardens ━━━
  Available: 216 units (8 types)
    2 Bedroom + Study: 103
    2 Bedroom Premium: 35
    2 Bedroom Premium (HS): 1
    3 Bedroom Premium: 13
    3 Bedroom Premium + Study: 9
    4 Bedroom Compact: 17
    4 Bedroom Premium: 35
    Strata Terrace House: 3
  ⚠ lentor-gardens: date marker not found
━━━ OneMarinaGardens ━━━
  Available: 270 units (5 types)
    2 Bedroom: 149
    3 Bedroom: 46
    3 Bedroom (Dual Key): 14
    3 Bedroom Premium: 52
    4 Bedroom Premium: 9
  ⚠ OneMarinaGardens: date marker not found
━━━ unionsquare ━━━
  Available: 144 units (6 types)
    1 Bedroom: 21
    1 Bedroom + Study: 34
    2 Bedroom: 50
    2 Bedroom + Study: 10
    4 Bedroom Premium: 28
    Sky Suite: 1
  ✅ Table updated → 144 units
━━━ narraresidences ━━━
  Available: 323 units (11 types)
    2 Bedroom Compact: 7
    2 Bedroom Premium: 19
    2 Bedroom + Helper's Room: 43
    2 Bedroom + Helper's Room & Study: 3
    2 Bedroom + Study: 77
    3 Bedroom Flexi: 5
    3 Bedroom Premium: 69
    3 Bedroom + Study: 20
    4 Bedroom Compact: 29
    4 Bedroom Premium: 25
    5 Bedroom + Private Lift: 26
  ✅ Table updated → 323 units
━━━ velabay ━━━
  Available: 129 units (9 types)
    1 Bedroom + Study: 6
    2 Bedroom: 4
    2 Bedroom Premium: 8
    3 Bedroom: 8
    3 Bedroom Premium: 34
    4 Bedroom: 33
    4 Bedroom (Private Lift): 16
    5 Bedroom (Private Lift): 19
    Penthouse 2: 1
  ✅ Table updated → 129 units
━━━ thesen ━━━
  Available: 188 units (5 types)
    2 Bedroom: 45
    2 Bedroom + Study: 47
    3 Bedroom: 26
    3 Bedroom + Study: 36
    4 Bedroom + Study: 34
  ✅ Table updated → 188 units
━━━ thecontinuum ━━━
  Available: 14 units (2 types)
    4 Bedroom Premier: 2
    5 Bedroom: 12
  ✅ Table updated → 14 units
━━━ BelgraviaAce ━━━
  Available: 23 units (1 types)
    Semi-Detached: 23
  ℹ️  No count change (23 units). Date refreshed.
━━━ TheHillshore ━━━
  Available: 46 units (9 types)
    2 Bedroom: 5
    2 Bedroom Penthouse: 2
    2 Bedroom Premium: 7
    2 Bedroom Premium Penthouse: 2
    3 Bedroom: 18
    3 Bedroom Premium: 3
    3 Bedroom Premium Penthouse: 1
    4 Bedroom (Dual Key): 3
    4 Bedroom Penthouse: 5
  ✅ Table updated → 46 units
━━━ thecolletive ━━━
  Available: 269 units (10 types)
    1 Bedroom + Study: 31
    1 Bedroom Premium: 7
    1 Bedroom Suite: 56
    2 Bedroom Deluxe: 21
    2 Bedroom Deluxe + Study: 34
    2 Bedroom Premium: 61
    2 Bedroom Premium + Study: 17
    3 Bedroom Luxury: 17
    3 Bedroom Premium: 15
    Studio: 10
  ✅ price/index.html table + date updated
  ✅ Table updated → 269 units

=== Uploading to FTP ===
  FTP exec error: Command failed: curl -s -T "/home/ubuntu/.openclaw/workspace/site-unionsquare.html" "ftp://145.79.28.189/unionsquare/index.html" --user "u851958941.jetleechannel.sg:Jetleechannel12345&" --ftp-create-dirs -o /dev/null -w "%{http_code}" --connect-timeout 15 --max-time 90
  unionsquare: ❌ FTP FAILED
  FTP exec error: Command failed: curl -s -T "/home/ubuntu/.openclaw/workspace/narraresidences/index.html" "ftp://145.79.28.189/narraresidences/index.html" --user "u851958941.jetleechannel.sg:Jetleechannel12345&" --ftp-create-dirs -o /dev/null -w "%{http_code}" --connect-timeout 15 --max-time 90
  narraresidences: ❌ FTP FAILED
  FTP exec error: Command failed: curl -s -T "/home/ubuntu/.openclaw/workspace/velabay/index.html" "ftp://145.79.28.189/velabay/index.html" --user "u851958941.jetleechannel.sg:Jetleechannel12345&" --ftp-create-dirs -o /dev/null -w "%{http_code}" --connect-timeout 15 --max-time 90
  velabay: ❌ FTP FAILED
  FTP exec error: Command failed: curl -s -T "/home/ubuntu/.openclaw/workspace/thesen/index.html" "ftp://145.79.28.189/thesen/index.html" --user "u851958941.jetleechannel.sg:Jetleechannel12345&" --ftp-create-dirs -o /dev/null -w "%{http_code}" --connect-timeout 15 --max-time 90
  thesen: ❌ FTP FAILED
  FTP exec error: Command failed: curl -s -T "/home/ubuntu/.openclaw/workspace/site-thecontinuum.html" "ftp://145.79.28.189/thecontinuum/index.html" --user "u851958941.jetleechannel.sg:Jetleechannel12345&" --ftp-create-dirs -o /dev/null -w "%{http_code}" --connect-timeout 15 --max-time 90
  thecontinuum: ❌ FTP FAILED
  FTP exec error: Command failed: curl -s -T "/home/ubuntu/.openclaw/workspace/BelgraviaAce/index.html" "ftp://145.79.28.189/BelgraviaAce/index.html" --user "u851958941.jetleechannel.sg:Jetleechannel12345&" --ftp-create-dirs -o /dev/null -w "%{http_code}" --connect-timeout 15 --max-time 90
  BelgraviaAce: ❌ FTP FAILED
  FTP exec error: Command failed: curl -s -T "/home/ubuntu/.openclaw/workspace/TheHillshore/index.html" "ftp://145.79.28.189/TheHillshore/index.html" --user "u851958941.jetleechannel.sg:Jetleechannel12345&" --ftp-create-dirs -o /dev/null -w "%{http_code}" --connect-timeout 15 --max-time 90
  TheHillshore: ❌ FTP FAILED
  FTP exec error: Command failed: curl -s -T "/home/ubuntu/.openclaw/workspace/thecolletive/index.html" "ftp://145.79.28.189/theColletive/index.html" --user "u851958941.jetleechannel.sg:Jetleechannel12345&" --ftp-create-dirs -o /dev/null -w "%{http_code}" --connect-timeout 15 --max-time 90
  thecolletive: ❌ FTP FAILED

✅ State saved.
  Telegram notify: HTTP 200

=== Balance Units Auto-Update ===
Time: 04/09/2026, 5:00:02 pm

━━━ bagnallhous ━━━
  Available: 9 units (4 types)
    1BR + Flexi: 2
    4 Bedroom: 4
    4BR + Flexi: 1
    5 Bedroom: 2
  ⚠ bagnallhous: date marker not found
━━━ TheOrie ━━━
  Available: 35 units (2 types)
    1 Bedroom + Study: 28
    3 Bedroom Dual Key: 7
  ⚠ TheOrie: date marker not found
━━━ upperhouse ━━━
  Available: 54 units (3 types)
    1 Bedroom + Study: 26
    2 Bedroom Premium: 18
    4 Bedroom Suite (Private Lift): 10
  ⚠ upperhouse: date marker not found
━━━ promenadepeak ━━━
  Available: 158 units (7 types)
    1 Bedroom + Study: 37
    2 Bedroom: 18
    2 Bedroom + Study: 62
    3 Bedroom: 3
    3 Bedroom Premium (Private Lift): 5
    4 Bedroom Premium (Private Lift): 18
    5 Bedroom Premium (Private Lift): 15
  ⚠ promenadepeak: date marker not found
━━━ zyongrand ━━━
  Available: 69 units (6 types)
    1 Bedroom + Study: 27
    2 Bedroom Premium + Study: 9
    3 Bedroom: 3
    4 Bedroom Supreme + Study: 11
    5 Bedroom Supreme: 18
    Penthouse (5BR + Private Lift): 1
  ⚠ zyongrand: date marker not found
━━━ rivergreen ━━━
  Available: 27 units (5 types)
    1 Bedroom: 14
    1 Bedroom + Study: 2
    2 Bedroom (Premium): 8
    2 Bedroom + Study: 1
    3 Bedroom: 2
  ⚠ rivergreen: date marker not found
━━━ newportresidences ━━━
  Available: 43 units (6 types)
    1 Bedroom: 10
    1 Bedroom + Study: 9
    3 Bedroom: 2
    3 Bedroom Premium: 4
    4 Bedroom Premium: 17
    Super Penthouse: 1
  ⚠ newportresidences: date marker not found
━━━ sophiameadow ━━━
  Available: 41 units (4 types)
    1 Bedroom: 10
    1 Bedroom + Study: 4
    2 Bedroom: 17
    3 Bedroom: 10
  ⚠ sophiameadow: date marker not found
━━━ elta ━━━
  Available: 84 units (7 types)
    1 Bedroom + Study: 4
    3 Bedroom: 2
    4 Bedroom: 7
    4 Bedroom + Study: 21
    4 Bedroom Dual Key: 20
    4 Bedroom Premium: 6
    5 Bedroom: 24
  ⚠ elta: date marker not found
━━━ dunearnhouse ━━━
  Available: 150 units (8 types)
    2 Bedroom: 21
    2 Bedroom + Study: 8
    2 Bedroom Premium: 43
    3 Bedroom + Study: 1
    3 Bedroom Premium: 12
    4 Bedroom: 4
    4 Bedroom Premium: 31
    4 Bedroom Premium + Study: 30
  ⚠ dunearnhouse: date marker not found
━━━ arcady ━━━
  Available: 62 units (6 types)
    1 Bedroom + Study: 1
    2 Bedroom: 2
    2 Bedroom + Study: 25
    3 Bedroom Premium: 19
    3 Bedroom Premium + Study: 13
    Penthouse: 2
  ⚠ arcady: date marker not found
━━━ hudsonplace ━━━
  Available: 83 units (8 types)
    2 Bedroom Premium: 17
    2 Bedroom Premium + Study: 8
    3 Bedroom Premium: 13
    3 Bedroom Premium + Study: 4
    4 Bedroom Suite + Flexi: 37
    5BR + Entertainment Room + Flexi: 1
    5BR + Study: 1
    6BR + Entertainment Room + Private Lift: 2
  ⚠ hudsonplace: date marker not found
━━━ lentor-gardens ━━━
  Available: 216 units (8 types)
    2 Bedroom + Study: 103
    2 Bedroom Premium: 35
    2 Bedroom Premium (HS): 1
    3 Bedroom Premium: 13
    3 Bedroom Premium + Study: 9
    4 Bedroom Compact: 17
    4 Bedroom Premium: 35
    Strata Terrace House: 3
  ⚠ lentor-gardens: date marker not found
━━━ OneMarinaGardens ━━━
  Available: 270 units (5 types)
    2 Bedroom: 149
    3 Bedroom: 46
    3 Bedroom (Dual Key): 14
    3 Bedroom Premium: 52
    4 Bedroom Premium: 9
  ⚠ OneMarinaGardens: date marker not found
━━━ unionsquare ━━━
  Available: 144 units (6 types)
    1 Bedroom: 21
    1 Bedroom + Study: 34
    2 Bedroom: 50
    2 Bedroom + Study: 10
    4 Bedroom Premium: 28
    Sky Suite: 1
  ℹ️  No count change (144 units). Date refreshed.
━━━ narraresidences ━━━
  Available: 322 units (11 types)
    2 Bedroom Compact: 6
    2 Bedroom Premium: 19
    2 Bedroom + Helper's Room: 43
    2 Bedroom + Helper's Room & Study: 3
    2 Bedroom + Study: 77
    3 Bedroom Flexi: 5
    3 Bedroom Premium: 69
    3 Bedroom + Study: 20
    4 Bedroom Compact: 29
    4 Bedroom Premium: 25
    5 Bedroom + Private Lift: 26
  ✅ Table updated → 322 units
━━━ velabay ━━━
  Available: 129 units (9 types)
    1 Bedroom + Study: 6
    2 Bedroom: 4
    2 Bedroom Premium: 8
    3 Bedroom: 8
    3 Bedroom Premium: 34
    4 Bedroom: 33
    4 Bedroom (Private Lift): 16
    5 Bedroom (Private Lift): 19
    Penthouse 2: 1
  ℹ️  No count change (129 units). Date refreshed.
━━━ thesen ━━━
  Available: 188 units (5 types)
    2 Bedroom: 45
    2 Bedroom + Study: 47
    3 Bedroom: 26
    3 Bedroom + Study: 36
    4 Bedroom + Study: 34
  ℹ️  No count change (188 units). Date refreshed.
━━━ thecontinuum ━━━
  Available: 14 units (2 types)
    4 Bedroom Premier: 2
    5 Bedroom: 12
  ℹ️  No count change (14 units). Date refreshed.
━━━ BelgraviaAce ━━━
  Available: 23 units (1 types)
    Semi-Detached: 23
  ✅ Table updated → 23 units
━━━ TheHillshore ━━━
  Available: 46 units (9 types)
    2 Bedroom: 5
    2 Bedroom Penthouse: 2
    2 Bedroom Premium: 7
    2 Bedroom Premium Penthouse: 2
    3 Bedroom: 18
    3 Bedroom Premium: 3
    3 Bedroom Premium Penthouse: 1
    4 Bedroom (Dual Key): 3
    4 Bedroom Penthouse: 5
  ℹ️  No count change (46 units). Date refreshed.
━━━ thecolletive ━━━
  Available: 269 units (10 types)
    1 Bedroom + Study: 31
    1 Bedroom Premium: 7
    1 Bedroom Suite: 56
    2 Bedroom Deluxe: 21
    2 Bedroom Deluxe + Study: 34
    2 Bedroom Premium: 61
    2 Bedroom Premium + Study: 17
    3 Bedroom Luxury: 17
    3 Bedroom Premium: 15
    Studio: 10
  ✅ price/index.html table + date updated
  ℹ️  No count change (269 units). Date refreshed.

=== Uploading to FTP ===
  FTP exec error: Command failed: curl -s -T "/home/ubuntu/.openclaw/workspace/site-unionsquare.html" "ftp://191.101.228.66/unionsquare/index.html" --user "u851958941.jetleechannel.sg:Jetleechannel12345&" --ftp-create-dirs -o /dev/null -w "%{http_code}" --connect-timeout 15 --max-time 90
  unionsquare: ❌ FTP FAILED
  FTP exec error: Command failed: curl -s -T "/home/ubuntu/.openclaw/workspace/narraresidences/index.html" "ftp://191.101.228.66/narraresidences/index.html" --user "u851958941.jetleechannel.sg:Jetleechannel12345&" --ftp-create-dirs -o /dev/null -w "%{http_code}" --connect-timeout 15 --max-time 90
  narraresidences: ❌ FTP FAILED
  FTP exec error: Command failed: curl -s -T "/home/ubuntu/.openclaw/workspace/velabay/index.html" "ftp://191.101.228.66/velabay/index.html" --user "u851958941.jetleechannel.sg:Jetleechannel12345&" --ftp-create-dirs -o /dev/null -w "%{http_code}" --connect-timeout 15 --max-time 90
  velabay: ❌ FTP FAILED
  FTP exec error: Command failed: curl -s -T "/home/ubuntu/.openclaw/workspace/thesen/index.html" "ftp://191.101.228.66/thesen/index.html" --user "u851958941.jetleechannel.sg:Jetleechannel12345&" --ftp-create-dirs -o /dev/null -w "%{http_code}" --connect-timeout 15 --max-time 90
  thesen: ❌ FTP FAILED
  FTP exec error: Command failed: curl -s -T "/home/ubuntu/.openclaw/workspace/site-thecontinuum.html" "ftp://191.101.228.66/thecontinuum/index.html" --user "u851958941.jetleechannel.sg:Jetleechannel12345&" --ftp-create-dirs -o /dev/null -w "%{http_code}" --connect-timeout 15 --max-time 90
  thecontinuum: ❌ FTP FAILED
  FTP exec error: Command failed: curl -s -T "/home/ubuntu/.openclaw/workspace/BelgraviaAce/index.html" "ftp://191.101.228.66/BelgraviaAce/index.html" --user "u851958941.jetleechannel.sg:Jetleechannel12345&" --ftp-create-dirs -o /dev/null -w "%{http_code}" --connect-timeout 15 --max-time 90
  BelgraviaAce: ❌ FTP FAILED
  FTP exec error: Command failed: curl -s -T "/home/ubuntu/.openclaw/workspace/TheHillshore/index.html" "ftp://191.101.228.66/TheHillshore/index.html" --user "u851958941.jetleechannel.sg:Jetleechannel12345&" --ftp-create-dirs -o /dev/null -w "%{http_code}" --connect-timeout 15 --max-time 90
  TheHillshore: ❌ FTP FAILED
  FTP exec error: Command failed: curl -s -T "/home/ubuntu/.openclaw/workspace/thecolletive/index.html" "ftp://191.101.228.66/theColletive/index.html" --user "u851958941.jetleechannel.sg:Jetleechannel12345&" --ftp-create-dirs -o /dev/null -w "%{http_code}" --connect-timeout 15 --max-time 90
  thecolletive: ❌ FTP FAILED

✅ State saved.
  Telegram notify: HTTP 200
